DROP TABLE Asset CASCADE CONSTRAINTS ;

DROP TABLE Customer CASCADE CONSTRAINTS ;

DROP TABLE Holding CASCADE CONSTRAINTS ;

DROP TABLE Sector CASCADE CONSTRAINTS ;

DROP TABLE Status CASCADE CONSTRAINTS ;

DROP TABLE Trade CASCADE CONSTRAINTS ;

CREATE TABLE Asset
  (
    AssetNo   VARCHAR2 (20) NOT NULL ,
    AssetName VARCHAR2 (80) NOT NULL ,
    NetQty    NUMBER (18) ,
    SectorNo  NUMBER (5) NOT NULL
  ) ;
ALTER TABLE Asset ADD CONSTRAINT Asset_PK PRIMARY KEY ( AssetNo ) ;

CREATE TABLE Customer
  (
    CustNo       NUMBER (10) NOT NULL ,
    CustName     VARCHAR2 (50) ,
    CustAddress  VARCHAR2 (200) ,
    CustProvince VARCHAR2 (30) ,
    CustZip      NUMBER (8) ,
    CustPhone    VARCHAR2 (20)
  ) ;
ALTER TABLE Customer ADD CONSTRAINT Customer_PK PRIMARY KEY ( CustNo ) ;

CREATE TABLE Holding
  (
    HoldNo  NUMBER (20) NOT NULL ,
    CustNo  NUMBER (10) NOT NULL ,
    AssetNo VARCHAR2 (20) NOT NULL ,
    HoldQty NUMBER (18)
  ) ;
ALTER TABLE Holding ADD CONSTRAINT Holding_PK PRIMARY KEY ( HoldNo ) ;

CREATE TABLE Sector
  (
    SectorNo   NUMBER (5) NOT NULL ,
    SectorDesc VARCHAR2 (30) NOT NULL
  ) ;
ALTER TABLE Sector ADD CONSTRAINT Sector_PK PRIMARY KEY ( SectorNo ) ;

CREATE TABLE Status
  (
    StatusNo   NUMBER (3) NOT NULL ,
    StatusDesc VARCHAR2 (15) NOT NULL
  ) ;
ALTER TABLE Status ADD CONSTRAINT TradeType_PK PRIMARY KEY ( StatusNo ) ;

CREATE TABLE Trade
  (
    TradeNo  NUMBER (30) NOT NULL ,
    HoldNo   NUMBER (20) NOT NULL ,
    TrdQty   NUMBER (18) NOT NULL ,
    TrdPrice NUMBER (10,2) NOT NULL ,
    TrdDate  DATE NOT NULL ,
    TrdType  VARCHAR2 (15) ,
    StatusNo NUMBER (3) NOT NULL
  ) ;
ALTER TABLE Trade ADD CONSTRAINT Trade_PK PRIMARY KEY ( TradeNo ) ;

ALTER TABLE Asset ADD CONSTRAINT Asset_AssetGroup_FK FOREIGN KEY ( SectorNo ) REFERENCES Sector ( SectorNo ) ;

ALTER TABLE Holding ADD CONSTRAINT Holding_Asset_FK FOREIGN KEY ( AssetNo ) REFERENCES Asset ( AssetNo ) ;

ALTER TABLE Holding ADD CONSTRAINT Holding_Customer_FK FOREIGN KEY ( CustNo ) REFERENCES Customer ( CustNo ) ;

ALTER TABLE Trade ADD CONSTRAINT Trade_Holding_FK FOREIGN KEY ( HoldNo ) REFERENCES Holding ( HoldNo ) ;

ALTER TABLE Trade ADD CONSTRAINT Trade_Status_FK FOREIGN KEY ( StatusNo ) REFERENCES Status ( StatusNo ) ;

--Status
Insert into STATUS (STATUSNO,STATUSDESC) values (1,'Confirm');
Insert into STATUS (STATUSNO,STATUSDESC) values (2,'Waiting');
Insert into STATUS (STATUSNO,STATUSDESC) values (3,'Cancel');

--Sector
Insert into SECTOR (SECTORNO,SECTORDESC) values (1000,'Basic Industries');
Insert into SECTOR (SECTORNO,SECTORDESC) values (1001,'Capital Goods');
Insert into SECTOR (SECTORNO,SECTORDESC) values (1002,'Consumer Durables');
Insert into SECTOR (SECTORNO,SECTORDESC) values (1003,'Consumer Non-Durables');
Insert into SECTOR (SECTORNO,SECTORDESC) values (1004,'Consumer Services');
Insert into SECTOR (SECTORNO,SECTORDESC) values (1005,'Energy');
Insert into SECTOR (SECTORNO,SECTORDESC) values (1006,'Finance');
Insert into SECTOR (SECTORNO,SECTORDESC) values (1007,'Health Care');
Insert into SECTOR (SECTORNO,SECTORDESC) values (1008,'Miscellaneous');
Insert into SECTOR (SECTORNO,SECTORDESC) values (1009,'Public Utilities');
Insert into SECTOR (SECTORNO,SECTORDESC) values (1010,'Technology');
Insert into SECTOR (SECTORNO,SECTORDESC) values (1011,'Transportation');

--Asset
Insert into ASSET (ASSETNO,ASSETNAME,NETQTY,SECTORNO) values ('EJ','E-House (China) Holdings Limited',872840,1006);
Insert into ASSET (ASSETNO,ASSETNAME,NETQTY,SECTORNO) values ('UNT','Unit Corporation',475530,1005);
Insert into ASSET (ASSETNO,ASSETNAME,NETQTY,SECTORNO) values ('OB','OneBeacon Insurance Group, Ltd.',1200000,1006);
Insert into ASSET (ASSETNO,ASSETNAME,NETQTY,SECTORNO) values ('GEL','Genesis Energy, L.P.',3300000,1005);
Insert into ASSET (ASSETNO,ASSETNAME,NETQTY,SECTORNO) values ('TTI','Tetra Technologies, Inc.',495990,1005);
Insert into ASSET (ASSETNO,ASSETNAME,NETQTY,SECTORNO) values ('PVTD','PrivateBancorp, Inc.',20858000,1006);
Insert into ASSET (ASSETNO,ASSETNAME,NETQTY,SECTORNO) values ('PIY','Merrill Lynch Depositor, Inc.',12924000,1006);
Insert into ASSET (ASSETNO,ASSETNAME,NETQTY,SECTORNO) values ('AB','AllianceBernstein Holding L.P.',2230000,1006);
Insert into ASSET (ASSETNO,ASSETNAME,NETQTY,SECTORNO) values ('PE','Parsley Energy, Inc.',3680000,1005);
Insert into ASSET (ASSETNO,ASSETNAME,NETQTY,SECTORNO) values ('AT','Atlantic Power Corporation',296240,1005);
Insert into ASSET (ASSETNO,ASSETNAME,NETQTY,SECTORNO) values ('KOS','Kosmos Energy Ltd.',2200000,1005);
Insert into ASSET (ASSETNO,ASSETNAME,NETQTY,SECTORNO) values ('IO','Ion Geophysical Corporation',87080,1005);
Insert into ASSET (ASSETNO,ASSETNAME,NETQTY,SECTORNO) values ('SN','Sanchez Energy Corporation',324160,1005);
Insert into ASSET (ASSETNO,ASSETNAME,NETQTY,SECTORNO) values ('WNR','Western Refining, Inc.',2730000,1005);
Insert into ASSET (ASSETNO,ASSETNAME,NETQTY,SECTORNO) values ('QEP','QEP Resources, Inc.',2370000,1005);
Insert into ASSET (ASSETNO,ASSETNAME,NETQTY,SECTORNO) values ('HSEB','HSBC Holdings plc',90422000,1006);
Insert into ASSET (ASSETNO,ASSETNAME,NETQTY,SECTORNO) values ('JNS','Janus Capital Group, Inc',2600000,1006);
Insert into ASSET (ASSETNO,ASSETNAME,NETQTY,SECTORNO) values ('CJES','C and J Energy Services, Ltd.',180310,1005);
Insert into ASSET (ASSETNO,ASSETNAME,NETQTY,SECTORNO) values ('WTM','White Mountains Insurance Group, Ltd.',4340000,1006);
Insert into ASSET (ASSETNO,ASSETNAME,NETQTY,SECTORNO) values ('GNW','Genworth Financial Inc',1330000,1006);
Insert into ASSET (ASSETNO,ASSETNAME,NETQTY,SECTORNO) values ('XKE','Lehman ABS Corporation',22231,1006);
Insert into ASSET (ASSETNO,ASSETNAME,NETQTY,SECTORNO) values ('IOC','InterOil Corporation',1440000,1005);
Insert into ASSET (ASSETNO,ASSETNAME,NETQTY,SECTORNO) values ('FFG','FBL Financial Group, Inc.',1440000,1006);
Insert into ASSET (ASSETNO,ASSETNAME,NETQTY,SECTORNO) values ('MLP','Maui Land and Pineapple Company, Inc.',111910,1006);
Insert into ASSET (ASSETNO,ASSETNAME,NETQTY,SECTORNO) values ('PAGP','Plains Group Holdings, L.P.',5050000,1005);
Insert into ASSET (ASSETNO,ASSETNAME,NETQTY,SECTORNO) values ('TOT','TotalFinaElf, S.A.',110490000,1005);
Insert into ASSET (ASSETNO,ASSETNAME,NETQTY,SECTORNO) values ('RDS.B','Royal Dutch Shell PLC',75484000,1005);
Insert into ASSET (ASSETNO,ASSETNAME,NETQTY,SECTORNO) values ('BXE','Bellatrix Exploration Ltd',185730,1005);
Insert into ASSET (ASSETNO,ASSETNAME,NETQTY,SECTORNO) values ('RZA','Reinsurance Group of America, Incorporated',75700000,1006);
Insert into ASSET (ASSETNO,ASSETNAME,NETQTY,SECTORNO) values ('BBG','Bill Barrett Corporation',283170,1005);
Insert into ASSET (ASSETNO,ASSETNAME,NETQTY,SECTORNO) values ('CUBS','Customers Bancorp, Inc',79305000,1006);
Insert into ASSET (ASSETNO,ASSETNAME,NETQTY,SECTORNO) values ('LNC','Lincoln National Corporation',9460000,1006);
Insert into ASSET (ASSETNO,ASSETNAME,NETQTY,SECTORNO) values ('MHFI','McGraw Hill Financial, Inc.',25570000,1006);
Insert into ASSET (ASSETNO,ASSETNAME,NETQTY,SECTORNO) values ('PZE','Petrobras Argentina S.A.',1310000,1005);
Insert into ASSET (ASSETNO,ASSETNAME,NETQTY,SECTORNO) values ('SAN','Banco Santander, S.A.',63280000,1006);
Insert into ASSET (ASSETNO,ASSETNAME,NETQTY,SECTORNO) values ('STC','Stewart Information Services Corporation',785700,1006);
Insert into ASSET (ASSETNO,ASSETNAME,NETQTY,SECTORNO) values ('BK','Bank Of New York Mellon Corporation (The)',40110000,1006);
Insert into ASSET (ASSETNO,ASSETNAME,NETQTY,SECTORNO) values ('GJH','STRATS Trust',12298000,1006);
Insert into ASSET (ASSETNO,ASSETNAME,NETQTY,SECTORNO) values ('BOH','Bank of Hawaii Corporation',2920000,1006);
Insert into ASSET (ASSETNO,ASSETNAME,NETQTY,SECTORNO) values ('UVE','UNIVERSAL INSURANCE HOLDINGS INC',608110,1006);
Insert into ASSET (ASSETNO,ASSETNAME,NETQTY,SECTORNO) values ('BGCA','BGC Partners, Inc.',76156000,1006);
Insert into ASSET (ASSETNO,ASSETNAME,NETQTY,SECTORNO) values ('MWR','Morgan Stanley',40621000,1006);
Insert into ASSET (ASSETNO,ASSETNAME,NETQTY,SECTORNO) values ('ENB','Enbridge Inc',34620000,1005);
Insert into ASSET (ASSETNO,ASSETNAME,NETQTY,SECTORNO) values ('MTR','Mesa Royalty Trust',13050,1005);
Insert into ASSET (ASSETNO,ASSETNAME,NETQTY,SECTORNO) values ('PBT','Permian Basin Royalty Trust',278250,1005);
Insert into ASSET (ASSETNO,ASSETNAME,NETQTY,SECTORNO) values ('ISG','ING Group, N.V.',78744000,1006);
Insert into ASSET (ASSETNO,ASSETNAME,NETQTY,SECTORNO) values ('EFC','Ellington Financial LLC',573390,1006);
Insert into ASSET (ASSETNO,ASSETNAME,NETQTY,SECTORNO) values ('ICE','Intercontinental Exchange Inc.',27860000,1006);
Insert into ASSET (ASSETNO,ASSETNAME,NETQTY,SECTORNO) values ('SM','SM Energy Company',1260000,1005);
Insert into ASSET (ASSETNO,ASSETNAME,NETQTY,SECTORNO) values ('JONE','Jones Energy, Inc.',207110,1005);
Insert into ASSET (ASSETNO,ASSETNAME,NETQTY,SECTORNO) values ('ICD','Independence Contract Drilling, Inc.',111040,1005);
Insert into ASSET (ASSETNO,ASSETNAME,NETQTY,SECTORNO) values ('BCH','Banco De Chile',10040000,1006);
Insert into ASSET (ASSETNO,ASSETNAME,NETQTY,SECTORNO) values ('REN           ','Resolute Energy Corporation',42590,1005);
Insert into ASSET (ASSETNO,ASSETNAME,NETQTY,SECTORNO) values ('HES','Hess Corporation',16420000,1005);
Insert into ASSET (ASSETNO,ASSETNAME,NETQTY,SECTORNO) values ('SGZA','Selective Insurance Group, Inc.',48798000,1006);
Insert into ASSET (ASSETNO,ASSETNAME,NETQTY,SECTORNO) values ('MUR','Murphy Oil Corporation',4150000,1005);
Insert into ASSET (ASSETNO,ASSETNAME,NETQTY,SECTORNO) values ('KKR','KKR and Co. L.P.',6240000,1006);
Insert into ASSET (ASSETNO,ASSETNAME,NETQTY,SECTORNO) values ('RRC','Range Resources Corporation',5210000,1005);
Insert into ASSET (ASSETNO,ASSETNAME,NETQTY,SECTORNO) values ('LEJU','Leju Holdings Limited',715160,1006);
Insert into ASSET (ASSETNO,ASSETNAME,NETQTY,SECTORNO) values ('DRQ','Dril-Quip, Inc.',2270000,1005);
Insert into ASSET (ASSETNO,ASSETNAME,NETQTY,SECTORNO) values ('CXO','Concho Resources Inc.',13400000,1005);
Insert into ASSET (ASSETNO,ASSETNAME,NETQTY,SECTORNO) values ('TRV','The Travelers Companies, Inc.',34040000,1006);
Insert into ASSET (ASSETNO,ASSETNAME,NETQTY,SECTORNO) values ('PJH','Prudential Financial, Inc.',39772000,1006);
Insert into ASSET (ASSETNO,ASSETNAME,NETQTY,SECTORNO) values ('KFI','KKR Financial Holdings LLC',26028000,1006);
Insert into ASSET (ASSETNO,ASSETNAME,NETQTY,SECTORNO) values ('CRK','Comstock Resources, Inc.',37820,1005);
Insert into ASSET (ASSETNO,ASSETNAME,NETQTY,SECTORNO) values ('OCN','Ocwen Financial Corporation',307150,1006);
Insert into ASSET (ASSETNO,ASSETNAME,NETQTY,SECTORNO) values ('PWE','Penn West Petroleum Ltd',447080,1005);
Insert into ASSET (ASSETNO,ASSETNAME,NETQTY,SECTORNO) values ('BCA','Corpbanca',2930000,1006);
Insert into ASSET (ASSETNO,ASSETNAME,NETQTY,SECTORNO) values ('DK','Delek US Holdings, Inc.',943240,1005);
Insert into ASSET (ASSETNO,ASSETNAME,NETQTY,SECTORNO) values ('L','Loews Corporation',13000000,1006);
Insert into ASSET (ASSETNO,ASSETNAME,NETQTY,SECTORNO) values ('AFA','American Financial Group, Inc.',55316,1006);
Insert into ASSET (ASSETNO,ASSETNAME,NETQTY,SECTORNO) values ('BBX','BBX Capital Corporation',248700,1006);
Insert into ASSET (ASSETNO,ASSETNAME,NETQTY,SECTORNO) values ('SEMG','Semgroup Corporation',977050,1005);
Insert into ASSET (ASSETNO,ASSETNAME,NETQTY,SECTORNO) values ('SNV','Synovus Financial Corp.',3670000,1006);
Insert into ASSET (ASSETNO,ASSETNAME,NETQTY,SECTORNO) values ('AFGE','American Financial Group, Inc.',85774000,1006);
Insert into ASSET (ASSETNO,ASSETNAME,NETQTY,SECTORNO) values ('DXB','Deutsche Bank AG',1551000,1006);
Insert into ASSET (ASSETNO,ASSETNAME,NETQTY,SECTORNO) values ('CAM','Cameron International Corporation',12650000,1005);
Insert into ASSET (ASSETNO,ASSETNAME,NETQTY,SECTORNO) values ('IHC','Independence Holding Company',266200,1006);
Insert into ASSET (ASSETNO,ASSETNAME,NETQTY,SECTORNO) values ('SPN','Superior Energy Services, Inc.',1940000,1005);
Insert into ASSET (ASSETNO,ASSETNAME,NETQTY,SECTORNO) values ('HDB','HDFC Bank Limited',49130000,1006);
Insert into ASSET (ASSETNO,ASSETNAME,NETQTY,SECTORNO) values ('AJG','Arthur J. Gallagher  and  Co.',7790000,1006);
Insert into ASSET (ASSETNO,ASSETNAME,NETQTY,SECTORNO) values ('COF','Capital One Financial Corporation',36790000,1006);
Insert into ASSET (ASSETNO,ASSETNAME,NETQTY,SECTORNO) values ('FBP','First BanCorp.',578910,1006);
Insert into ASSET (ASSETNO,ASSETNAME,NETQTY,SECTORNO) values ('MHNA','Maiden Holdings, Ltd.',45084000,1006);
Insert into ASSET (ASSETNO,ASSETNAME,NETQTY,SECTORNO) values ('JMPC','JMP Group LLC',42012000,1006);
Insert into ASSET (ASSETNO,ASSETNAME,NETQTY,SECTORNO) values ('BTE','Baytex Energy Corp',799000,1005);
Insert into ASSET (ASSETNO,ASSETNAME,NETQTY,SECTORNO) values ('HK','Halcon Resources Corporation',133380,1005);
Insert into ASSET (ASSETNO,ASSETNAME,NETQTY,SECTORNO) values ('EV','Eaton Vance Corporation',3720000,1006);
Insert into ASSET (ASSETNO,ASSETNAME,NETQTY,SECTORNO) values ('SLF','Sun Life Financial Inc.',19210000,1006);
Insert into ASSET (ASSETNO,ASSETNAME,NETQTY,SECTORNO) values ('CPE','Callon Petroleum Company',677470,1005);
Insert into ASSET (ASSETNO,ASSETNAME,NETQTY,SECTORNO) values ('NS','Nustar Energy L.P.',3070000,1005);
Insert into ASSET (ASSETNO,ASSETNAME,NETQTY,SECTORNO) values ('PRU','Prudential Financial, Inc.',31560000,1006);
Insert into ASSET (ASSETNO,ASSETNAME,NETQTY,SECTORNO) values ('ZBK','Zions Bancorporation',27803000,1006);
Insert into ASSET (ASSETNO,ASSETNAME,NETQTY,SECTORNO) values ('FI','Frank and #39;s International N.V.',2470000,1005);
Insert into ASSET (ASSETNO,ASSETNAME,NETQTY,SECTORNO) values ('KMPR','Kemper Corporation',1450000,1006);
Insert into ASSET (ASSETNO,ASSETNAME,NETQTY,SECTORNO) values ('CEO','CNOOC Limited',1160000,1005);
Insert into ASSET (ASSETNO,ASSETNAME,NETQTY,SECTORNO) values ('NBHC','National Bank Holdings Corporation',593400,1006);
Insert into ASSET (ASSETNO,ASSETNAME,NETQTY,SECTORNO) values ('PBA','Pembina Pipeline Corp.',9580000,1005);
Insert into ASSET (ASSETNO,ASSETNAME,NETQTY,SECTORNO) values ('SUN','Sunoco LP',3350000,1005);
Insert into ASSET (ASSETNO,ASSETNAME,NETQTY,SECTORNO) values ('CRT','Cross Timbers Royalty Trust',90840,1005);
Insert into ASSET (ASSETNO,ASSETNAME,NETQTY,SECTORNO) values ('EVR','Evercore Partners Inc',2020000,1006);
Insert into ASSET (ASSETNO,ASSETNAME,NETQTY,SECTORNO) values ('JPEP','JP Energy Partners LP',214800,1005);
Insert into ASSET (ASSETNO,ASSETNAME,NETQTY,SECTORNO) values ('CIT','CIT Group Inc (DEL)',6740000,1006);
Insert into ASSET (ASSETNO,ASSETNAME,NETQTY,SECTORNO) values ('CIA','Citizens, Inc.',334550,1006);
Insert into ASSET (ASSETNO,ASSETNAME,NETQTY,SECTORNO) values ('XCO','EXCO Resources NL',299900,1005);
Insert into ASSET (ASSETNO,ASSETNAME,NETQTY,SECTORNO) values ('KEY','KeyCorp',9350000,1006);
Insert into ASSET (ASSETNO,ASSETNAME,NETQTY,SECTORNO) values ('SGY','Stone Energy Corporation',61970,1005);
Insert into ASSET (ASSETNO,ASSETNAME,NETQTY,SECTORNO) values ('EGN','Energen Corporation',2680000,1005);
Insert into ASSET (ASSETNO,ASSETNAME,NETQTY,SECTORNO) values ('RESI','Altisource Residential Corporation',632510,1006);
Insert into ASSET (ASSETNO,ASSETNAME,NETQTY,SECTORNO) values ('NBR','Nabors Industries Ltd.',2880000,1005);
Insert into ASSET (ASSETNO,ASSETNAME,NETQTY,SECTORNO) values ('ROL','Rollins, Inc.',5860000,1006);
Insert into ASSET (ASSETNO,ASSETNAME,NETQTY,SECTORNO) values ('CIB','BanColombia S.A.',7570000,1006);
Insert into ASSET (ASSETNO,ASSETNAME,NETQTY,SECTORNO) values ('NR','Newpark Resources, Inc.',352540,1005);
Insert into ASSET (ASSETNO,ASSETNAME,NETQTY,SECTORNO) values ('E','ENI S.p.A.',53910000,1005);
Insert into ASSET (ASSETNO,ASSETNAME,NETQTY,SECTORNO) values ('CBG','CBRE Group, Inc.',9370000,1006);
Insert into ASSET (ASSETNO,ASSETNAME,NETQTY,SECTORNO) values ('WLL','Whiting Petroleum Corporation',1540000,1005);
Insert into ASSET (ASSETNO,ASSETNAME,NETQTY,SECTORNO) values ('MWO','Morgan Stanley',7672000,1006);
Insert into ASSET (ASSETNO,ASSETNAME,NETQTY,SECTORNO) values ('APA','Apache Corporation',18480000,1005);
Insert into ASSET (ASSETNO,ASSETNAME,NETQTY,SECTORNO) values ('SSL','Sasol Ltd.',19300000,1005);
Insert into ASSET (ASSETNO,ASSETNAME,NETQTY,SECTORNO) values ('MPC','Marathon Petroleum Corporation',19510000,1005);
Insert into ASSET (ASSETNO,ASSETNAME,NETQTY,SECTORNO) values ('ITUB','Itau Unibanco Banco Holding SA',49680000,1006);
Insert into ASSET (ASSETNO,ASSETNAME,NETQTY,SECTORNO) values ('SCHW','The Charles Schwab Corporation',37090000,1006);
Insert into ASSET (ASSETNO,ASSETNAME,NETQTY,SECTORNO) values ('FAC','First Acceptance Corporation',107100,1006);
Insert into ASSET (ASSETNO,ASSETNAME,NETQTY,SECTORNO) values ('EFX','Equifax, Inc.',13200000,1006);
Insert into ASSET (ASSETNO,ASSETNAME,NETQTY,SECTORNO) values ('BBDO','Banco Bradesco Sa',41550000,1006);
Insert into ASSET (ASSETNO,ASSETNAME,NETQTY,SECTORNO) values ('SCNB','Suffolk Bancorp',292600,1006);
Insert into ASSET (ASSETNO,ASSETNAME,NETQTY,SECTORNO) values ('HEP','Holly Energy Partners, L.P.',1950000,1005);
Insert into ASSET (ASSETNO,ASSETNAME,NETQTY,SECTORNO) values ('NSH','Nustar GP Holdings, LLC',901110,1005);
Insert into ASSET (ASSETNO,ASSETNAME,NETQTY,SECTORNO) values ('STI','SunTrust Banks, Inc.',18480000,1006);
Insert into ASSET (ASSETNO,ASSETNAME,NETQTY,SECTORNO) values ('ITG','Investment Technology Group, Inc.',686640,1006);
Insert into ASSET (ASSETNO,ASSETNAME,NETQTY,SECTORNO) values ('TCB','TCF Financial Corporation',2100000,1006);
Insert into ASSET (ASSETNO,ASSETNAME,NETQTY,SECTORNO) values ('FGL','Fidelity and Guaranty Life',1550000,1006);
Insert into ASSET (ASSETNO,ASSETNAME,NETQTY,SECTORNO) values ('TRU','TransUnion',4840000,1006);
Insert into ASSET (ASSETNO,ASSETNAME,NETQTY,SECTORNO) values ('GEH','General Electric Capital Corporation',31819000,1006);
Insert into ASSET (ASSETNO,ASSETNAME,NETQTY,SECTORNO) values ('JLL','Jones Lang LaSalle Incorporated',5220000,1006);
Insert into ASSET (ASSETNO,ASSETNAME,NETQTY,SECTORNO) values ('NDRO','Enduro Royalty Trust',90090,1005);
Insert into ASSET (ASSETNO,ASSETNAME,NETQTY,SECTORNO) values ('CFR','Cullen/Frost Bankers, Inc.',3510000,1006);
Insert into ASSET (ASSETNO,ASSETNAME,NETQTY,SECTORNO) values ('GDOT','Green Dot Corporation',1150000,1006);
Insert into ASSET (ASSETNO,ASSETNAME,NETQTY,SECTORNO) values ('RDC','Rowan Companies plc',1940000,1005);
Insert into ASSET (ASSETNO,ASSETNAME,NETQTY,SECTORNO) values ('FELP','Foresight Energy LP',141860,1005);
Insert into ASSET (ASSETNO,ASSETNAME,NETQTY,SECTORNO) values ('NGS','Natural Gas Services Group, Inc.',273430,1005);
Insert into ASSET (ASSETNO,ASSETNAME,NETQTY,SECTORNO) values ('ORI','Old Republic International Corporation',4700000,1006);
Insert into ASSET (ASSETNO,ASSETNAME,NETQTY,SECTORNO) values ('PRI','Primerica, Inc.',2080000,1006);
Insert into ASSET (ASSETNO,ASSETNAME,NETQTY,SECTORNO) values ('GEB','General Electric Company',31289000,1006);
Insert into ASSET (ASSETNO,ASSETNAME,NETQTY,SECTORNO) values ('RRMS','Rose Rock Midstream, L.P.',500090,1005);
Insert into ASSET (ASSETNO,ASSETNAME,NETQTY,SECTORNO) values ('AGO','Assured Guaranty Ltd.',3390000,1006);
Insert into ASSET (ASSETNO,ASSETNAME,NETQTY,SECTORNO) values ('HP','Helmerich  and  Payne, Inc.',6280000,1005);
Insert into ASSET (ASSETNO,ASSETNAME,NETQTY,SECTORNO) values ('DTK','Deutsche Bank AG',55597000,1006);
Insert into ASSET (ASSETNO,ASSETNAME,NETQTY,SECTORNO) values ('PFG','Principal Financial Group Inc',11340000,1006);
Insert into ASSET (ASSETNO,ASSETNAME,NETQTY,SECTORNO) values ('CIE','Cobalt International Energy, Inc.',1230000,1005);
Insert into ASSET (ASSETNO,ASSETNAME,NETQTY,SECTORNO) values ('AVAL','Grupo Aval Acciones y Valores S.A.',8030000,1006);
Insert into ASSET (ASSETNO,ASSETNAME,NETQTY,SECTORNO) values ('WNRL','Western Refining Logistics, LP',1060000,1005);
Insert into ASSET (ASSETNO,ASSETNAME,NETQTY,SECTORNO) values ('SWNC','Southwestern Energy Company',10400000,1005);
Insert into ASSET (ASSETNO,ASSETNAME,NETQTY,SECTORNO) values ('DFS','Discover Financial Services',20580000,1006);
Insert into ASSET (ASSETNO,ASSETNAME,NETQTY,SECTORNO) values ('GJT','Synthetic Fixed-Income Securities, Inc.',45932000,1006);
Insert into ASSET (ASSETNO,ASSETNAME,NETQTY,SECTORNO) values ('ECT','ECA Marcellus Trust I',24120,1005);
Insert into ASSET (ASSETNO,ASSETNAME,NETQTY,SECTORNO) values ('BPT','BP Prudhoe Bay Royalty Trust',348820,1005);
Insert into ASSET (ASSETNO,ASSETNAME,NETQTY,SECTORNO) values ('KMPA','Kemper Corporation',44264000,1006);
Insert into ASSET (ASSETNO,ASSETNAME,NETQTY,SECTORNO) values ('PRA','ProAssurance Corporation',2660000,1006);
Insert into ASSET (ASSETNO,ASSETNAME,NETQTY,SECTORNO) values ('AIC','Arlington Asset Investment Corp',86742000,1006);
Insert into ASSET (ASSETNO,ASSETNAME,NETQTY,SECTORNO) values ('USB','U.S. Bancorp',70850000,1006);
Insert into ASSET (ASSETNO,ASSETNAME,NETQTY,SECTORNO) values ('MPLX','MPLX LP',8470000,1005);
Insert into ASSET (ASSETNO,ASSETNAME,NETQTY,SECTORNO) values ('BRO','Brown  and  Brown, Inc.',4880000,1006);
Insert into ASSET (ASSETNO,ASSETNAME,NETQTY,SECTORNO) values ('PES','Pioneer Energy Services Corp.',130940,1005);
Insert into ASSET (ASSETNO,ASSETNAME,NETQTY,SECTORNO) values ('CMI','Cummins Inc.',18720000,1005);
Insert into ASSET (ASSETNO,ASSETNAME,NETQTY,SECTORNO) values ('COG','Cabot Oil  and  Gas Corporation',9100000,1005);
Insert into ASSET (ASSETNO,ASSETNAME,NETQTY,SECTORNO) values ('PGH','Pengrowth Energy Corporation',581040,1005);
Insert into ASSET (ASSETNO,ASSETNAME,NETQTY,SECTORNO) values ('CNQ','Canadian Natural Resources Limited',29100000,1005);
Insert into ASSET (ASSETNO,ASSETNAME,NETQTY,SECTORNO) values ('AHH','Armada Hoffler Properties, Inc.',335650,1006);
Insert into ASSET (ASSETNO,ASSETNAME,NETQTY,SECTORNO) values ('BMO','Bank Of Montreal',37820000,1006);
Insert into ASSET (ASSETNO,ASSETNAME,NETQTY,SECTORNO) values ('PDS','Precision Drilling Corporation',1220000,1005);
Insert into ASSET (ASSETNO,ASSETNAME,NETQTY,SECTORNO) values ('CO','China Cord Blood Corporation',441570,1006);
Insert into ASSET (ASSETNO,ASSETNAME,NETQTY,SECTORNO) values ('MN','Manning  and  Napier, Inc.',112880,1006);
Insert into ASSET (ASSETNO,ASSETNAME,NETQTY,SECTORNO) values ('FCF','First Commonwealth Financial Corporation',779300,1006);
Insert into ASSET (ASSETNO,ASSETNAME,NETQTY,SECTORNO) values ('HCI','HCI Group, Inc.',356620,1006);
Insert into ASSET (ASSETNO,ASSETNAME,NETQTY,SECTORNO) values ('GZT','Gazit-Globe Ltd.',1750000,1006);
Insert into ASSET (ASSETNO,ASSETNAME,NETQTY,SECTORNO) values ('AFG','American Financial Group, Inc.',6080000,1006);
Insert into ASSET (ASSETNO,ASSETNAME,NETQTY,SECTORNO) values ('EGY','Vaalco Energy Inc',58530,1005);
Insert into ASSET (ASSETNO,ASSETNAME,NETQTY,SECTORNO) values ('IBN','ICICI Bank Limited',19950000,1006);
Insert into ASSET (ASSETNO,ASSETNAME,NETQTY,SECTORNO) values ('FMD','First Marblehead Corporation (The)',40990,1006);
Insert into ASSET (ASSETNO,ASSETNAME,NETQTY,SECTORNO) values ('XOM','Exxon Mobil Corporation',348750000,1005);
Insert into ASSET (ASSETNO,ASSETNAME,NETQTY,SECTORNO) values ('SMFG','Sumitomo Mitsui Financial Group Inc',41430000,1006);
Insert into ASSET (ASSETNO,ASSETNAME,NETQTY,SECTORNO) values ('HIG','Hartford Financial Services Group, Inc. (The)',18080000,1006);
Insert into ASSET (ASSETNO,ASSETNAME,NETQTY,SECTORNO) values ('GOV','Government Properties Income Trust',1190000,1006);
Insert into ASSET (ASSETNO,ASSETNAME,NETQTY,SECTORNO) values ('THGA','The Hanover Insurance Group, Inc.',31382000,1006);
Insert into ASSET (ASSETNO,ASSETNAME,NETQTY,SECTORNO) values ('EMES','Emerge Energy Services LP',116260,1005);
Insert into ASSET (ASSETNO,ASSETNAME,NETQTY,SECTORNO) values ('WFT','Weatherford International plc',5780000,1005);
Insert into ASSET (ASSETNO,ASSETNAME,NETQTY,SECTORNO) values ('THG','The Hanover Insurance Group, Inc.',3670000,1006);
Insert into ASSET (ASSETNO,ASSETNAME,NETQTY,SECTORNO) values ('NRP','Natural Resource Partners LP',108460,1005);
Insert into ASSET (ASSETNO,ASSETNAME,NETQTY,SECTORNO) values ('NOV','National Oilwell Varco, Inc.',11710000,1005);
Insert into ASSET (ASSETNO,ASSETNAME,NETQTY,SECTORNO) values ('JBR','Select Asset Inc.',70187000,1006);
Insert into ASSET (ASSETNO,ASSETNAME,NETQTY,SECTORNO) values ('MET','MetLife, Inc.',46390000,1006);
Insert into ASSET (ASSETNO,ASSETNAME,NETQTY,SECTORNO) values ('ALJ','Alon USA Energy, Inc.',753410,1005);
Insert into ASSET (ASSETNO,ASSETNAME,NETQTY,SECTORNO) values ('EVRI','Everi Holdings Inc.',145270,1006);
Insert into ASSET (ASSETNO,ASSETNAME,NETQTY,SECTORNO) values ('PHH','PHH Corp',648430,1006);
Insert into ASSET (ASSETNO,ASSETNAME,NETQTY,SECTORNO) values ('SU','Suncor Energy  Inc.',42820000,1005);
Insert into ASSET (ASSETNO,ASSETNAME,NETQTY,SECTORNO) values ('BAS','Basic Energy Services, Inc.',115190,1005);
Insert into ASSET (ASSETNO,ASSETNAME,NETQTY,SECTORNO) values ('GJO','STRATS Trust',30988000,1006);
Insert into ASSET (ASSETNO,ASSETNAME,NETQTY,SECTORNO) values ('ARP','Atlas Resource Partners, L.P.',69650,1005);
Insert into ASSET (ASSETNO,ASSETNAME,NETQTY,SECTORNO) values ('YZC','Yanzhou Coal Mining Company Limited',2490000,1005);
Insert into ASSET (ASSETNO,ASSETNAME,NETQTY,SECTORNO) values ('LYG','Lloyds Banking Group Plc',69850000,1006);
Insert into ASSET (ASSETNO,ASSETNAME,NETQTY,SECTORNO) values ('OXY','Occidental Petroleum Corporation',52330000,1005);
Insert into ASSET (ASSETNO,ASSETNAME,NETQTY,SECTORNO) values ('CELP','Cypress Energy Partners, L.P.',104840,1005);
Insert into ASSET (ASSETNO,ASSETNAME,NETQTY,SECTORNO) values ('HPP','Hudson Pacific Properties, Inc.',2580000,1006);


--Customer
Insert into CUSTOMER (CUSTNO,CUSTNAME,CUSTADDRESS,CUSTPROVINCE,CUSTZIP,CUSTPHONE) values (50200,'Olivia Legard','27 South Federated States Boulevard','Muenster',90517,'584-209-6965');
Insert into CUSTOMER (CUSTNO,CUSTNAME,CUSTADDRESS,CUSTPROVINCE,CUSTZIP,CUSTPHONE) values (50201,'Ona Parks','27 South Feliciana Boulevard','Cochem',48226,'165-241-8702');
Insert into CUSTOMER (CUSTNO,CUSTNAME,CUSTADDRESS,CUSTPROVINCE,CUSTZIP,CUSTPHONE) values (50202,'Charles Ness','17 Apache Court','Lelystad',81402,'553-218-6269');
Insert into CUSTOMER (CUSTNO,CUSTNAME,CUSTADDRESS,CUSTPROVINCE,CUSTZIP,CUSTPHONE) values (50203,'Opal Vance','27 South Fleming Boulevard','El Campello',32945,'639-788-2243');
Insert into CUSTOMER (CUSTNO,CUSTNAME,CUSTADDRESS,CUSTPROVINCE,CUSTZIP,CUSTPHONE) values (50204,'Oprah Grimes','27 South Florida Boulevard','El Campello',32945,'140-342-8891');
Insert into CUSTOMER (CUSTNO,CUSTNAME,CUSTADDRESS,CUSTPROVINCE,CUSTZIP,CUSTPHONE) values (50205,'Ora Rossellett','27 South Floyd Boulevard','El Campello',32945,'161-601-2992');
Insert into CUSTOMER (CUSTNO,CUSTNAME,CUSTADDRESS,CUSTPROVINCE,CUSTZIP,CUSTPHONE) values (50206,'Oriana Roland','27 South Foothill Boulevard','El Campello',32945,'448-637-1111');
Insert into CUSTOMER (CUSTNO,CUSTNAME,CUSTADDRESS,CUSTPROVINCE,CUSTZIP,CUSTPHONE) values (50207,'Oriel Eastwood','27 South Forrest Boulevard','Ratingen',38103,'328-591-7232');
Insert into CUSTOMER (CUSTNO,CUSTNAME,CUSTADDRESS,CUSTPROVINCE,CUSTZIP,CUSTPHONE) values (50208,'Oriena Maine','27 South Forsyth Boulevard','Seletar',32144,'145-120-3698');
Insert into CUSTOMER (CUSTNO,CUSTNAME,CUSTADDRESS,CUSTPROVINCE,CUSTZIP,CUSTPHONE) values (50209,'Oriene Harris','27 South Foster City Boulevard','Sliedrecht',46624,'547-635-5762');
Insert into CUSTOMER (CUSTNO,CUSTNAME,CUSTADDRESS,CUSTPROVINCE,CUSTZIP,CUSTPHONE) values (50210,'Orilla Lauderdale','27 South Franklin Boulevard','Murnau',34216,'671-578-9494');
Insert into CUSTOMER (CUSTNO,CUSTNAME,CUSTADDRESS,CUSTPROVINCE,CUSTZIP,CUSTPHONE) values (50211,'Oriole Eppling','27 South Frederick Boulevard','Bangalore',55857,'529-274-2046');
Insert into CUSTOMER (CUSTNO,CUSTNAME,CUSTADDRESS,CUSTPROVINCE,CUSTZIP,CUSTPHONE) values (50212,'Ozelle Duval','27 South Freestone Boulevard','Murnau',34216,'364-214-4404');
Insert into CUSTOMER (CUSTNO,CUSTNAME,CUSTADDRESS,CUSTPROVINCE,CUSTZIP,CUSTPHONE) values (50213,'Charli Carson','17 Apple Court','Malaga',59862,'362-734-3720');
Insert into CUSTOMER (CUSTNO,CUSTNAME,CUSTADDRESS,CUSTPROVINCE,CUSTZIP,CUSTPHONE) values (50214,'Page Atkins','27 South Fremont Boulevard','Murnau',34216,'177-627-8653');
Insert into CUSTOMER (CUSTNO,CUSTNAME,CUSTADDRESS,CUSTPROVINCE,CUSTZIP,CUSTPHONE) values (50215,'Pam Barr','27 South Fresno Boulevard','Murnau',34216,'394-403-6867');
Insert into CUSTOMER (CUSTNO,CUSTNAME,CUSTADDRESS,CUSTPROVINCE,CUSTZIP,CUSTPHONE) values (50216,'Pammie Wolsey','27 South Fulton Boulevard','Murnau',34216,'397-548-7943');
Insert into CUSTOMER (CUSTNO,CUSTNAME,CUSTADDRESS,CUSTPROVINCE,CUSTZIP,CUSTPHONE) values (50217,'Pamela Fellows','27 South Gage Boulevard','Murnau',34216,'225-567-3601');
Insert into CUSTOMER (CUSTNO,CUSTNAME,CUSTADDRESS,CUSTPROVINCE,CUSTZIP,CUSTPHONE) values (50218,'Pansy Lance','27 South Garden Boulevard','Murnau',34216,'669-232-7972');
Insert into CUSTOMER (CUSTNO,CUSTNAME,CUSTADDRESS,CUSTPROVINCE,CUSTZIP,CUSTPHONE) values (50219,'Patience Leopard','27 South Gardena Boulevard','Murnau',34216,'438-604-6392');
Insert into CUSTOMER (CUSTNO,CUSTNAME,CUSTADDRESS,CUSTPROVINCE,CUSTZIP,CUSTPHONE) values (50220,'Patrick Mallory','27 South Garfield Boulevard','Bangalore',55857,'565-465-8655');
Insert into CUSTOMER (CUSTNO,CUSTNAME,CUSTADDRESS,CUSTPROVINCE,CUSTZIP,CUSTPHONE) values (50221,'Patricia White','27 South Garland Boulevard','Sykesville',84020,'683-643-2798');
Insert into CUSTOMER (CUSTNO,CUSTNAME,CUSTADDRESS,CUSTPROVINCE,CUSTZIP,CUSTPHONE) values (50222,'Patty Poe','27 South Garvin Boulevard','Bangalore',55857,'308-247-5531');
Insert into CUSTOMER (CUSTNO,CUSTNAME,CUSTADDRESS,CUSTPROVINCE,CUSTZIP,CUSTPHONE) values (50223,'Paula Oxford','27 South Gaston Boulevard','Bagneux',45593,'619-753-4131');
Insert into CUSTOMER (CUSTNO,CUSTNAME,CUSTADDRESS,CUSTPROVINCE,CUSTZIP,CUSTPHONE) values (50224,'Brooke Dunbar','7 South Boone Circle','Frederick',73216,'509-685-2908');
Insert into CUSTOMER (CUSTNO,CUSTNAME,CUSTADDRESS,CUSTPROVINCE,CUSTZIP,CUSTPHONE) values (50225,'Charlie Zimmer','17 Arapahoe Court','Malaga',59862,'550-411-1031');
Insert into CUSTOMER (CUSTNO,CUSTNAME,CUSTADDRESS,CUSTPROVINCE,CUSTZIP,CUSTPHONE) values (50226,'Paulette Jones','27 South Genesee Boulevard','Voorburg',74553,'614-667-7660');
Insert into CUSTOMER (CUSTNO,CUSTNAME,CUSTADDRESS,CUSTPROVINCE,CUSTZIP,CUSTPHONE) values (50227,'Pauline Overman','27 South Geneva Boulevard','Amersfoort',76836,'228-269-4661');
Insert into CUSTOMER (CUSTNO,CUSTNAME,CUSTADDRESS,CUSTPROVINCE,CUSTZIP,CUSTPHONE) values (50228,'Pearl Nielley','27 South Gloucester Boulevard','Clifton',55296,'497-204-2907');
Insert into CUSTOMER (CUSTNO,CUSTNAME,CUSTADDRESS,CUSTPROVINCE,CUSTZIP,CUSTPHONE) values (50229,'Penelope Aldridge','27 South Gogebic Boulevard','Clifton',55296,'334-357-8928');
Insert into CUSTOMER (CUSTNO,CUSTNAME,CUSTADDRESS,CUSTPROVINCE,CUSTZIP,CUSTPHONE) values (50230,'Peony Sands','27 South Golden Gate Boulevard','Frankfurt am Main',67723,'426-164-2768');
Insert into CUSTOMER (CUSTNO,CUSTNAME,CUSTADDRESS,CUSTPROVINCE,CUSTZIP,CUSTPHONE) values (50231,'Pepita Janney','27 South Gonzales Boulevard','Mendham',90900,'244-491-6524');
Insert into CUSTOMER (CUSTNO,CUSTNAME,CUSTADDRESS,CUSTPROVINCE,CUSTZIP,CUSTPHONE) values (50232,'Persephone Haske','27 South Goodhue Boulevard','Amersfoort',76836,'223-217-3718');
Insert into CUSTOMER (CUSTNO,CUSTNAME,CUSTADDRESS,CUSTPROVINCE,CUSTZIP,CUSTPHONE) values (50233,'Persis Jewell','27 South Goshen Boulevard','Aalborg',39444,'111-455-5100');
Insert into CUSTOMER (CUSTNO,CUSTNAME,CUSTADDRESS,CUSTPROVINCE,CUSTZIP,CUSTPHONE) values (50234,'Pete Woodman','27 South Governer Boulevard','Saint Marks',31132,'142-263-5388');
Insert into CUSTOMER (CUSTNO,CUSTNAME,CUSTADDRESS,CUSTPROVINCE,CUSTZIP,CUSTPHONE) values (50235,'Peter Hatcher','27 South Grady Boulevard','Aalborg',39444,'262-172-9865');
Insert into CUSTOMER (CUSTNO,CUSTNAME,CUSTADDRESS,CUSTPROVINCE,CUSTZIP,CUSTPHONE) values (50236,'Chester Murphy','17 Arecibo Court','Malaga',59862,'534-723-2976');
Insert into CUSTOMER (CUSTNO,CUSTNAME,CUSTADDRESS,CUSTPROVINCE,CUSTZIP,CUSTPHONE) values (50237,'Petula Sagan','27 South Grafton Boulevard','Saint Marks',31132,'418-666-2775');
Insert into CUSTOMER (CUSTNO,CUSTNAME,CUSTADDRESS,CUSTPROVINCE,CUSTZIP,CUSTPHONE) values (50238,'Phil Hurst','27 South Grand Canyon Boulevard','Chesterfield',87836,'445-610-7293');
Insert into CUSTOMER (CUSTNO,CUSTNAME,CUSTADDRESS,CUSTPROVINCE,CUSTZIP,CUSTPHONE) values (50239,'Philana Libby','27 South Grand Forks Boulevard','Santos',52773,'500-121-1848');
Insert into CUSTOMER (CUSTNO,CUSTNAME,CUSTADDRESS,CUSTPROVINCE,CUSTZIP,CUSTPHONE) values (50240,'Philippa Wilmoth','27 South Grand View Boulevard','Wymondham',48797,'579-181-6955');
Insert into CUSTOMER (CUSTNO,CUSTNAME,CUSTADDRESS,CUSTPROVINCE,CUSTZIP,CUSTPHONE) values (50241,'Phyllis Buttler','27 South Grant Boulevard','Wymondham',48797,'553-501-9033');
Insert into CUSTOMER (CUSTNO,CUSTNAME,CUSTADDRESS,CUSTPROVINCE,CUSTZIP,CUSTPHONE) values (50242,'Pia Essex','27 South Gratiot Boulevard','Wymondham',48797,'362-502-4296');
Insert into CUSTOMER (CUSTNO,CUSTNAME,CUSTADDRESS,CUSTPROVINCE,CUSTZIP,CUSTPHONE) values (50243,'Polly Cook','27 South Grays Harbor Boulevard','Wymondham',48797,'550-259-9985');
Insert into CUSTOMER (CUSTNO,CUSTNAME,CUSTADDRESS,CUSTPROVINCE,CUSTZIP,CUSTPHONE) values (50244,'Pollyanna Keeting','27 South Grayson Boulevard','Arnemuiden',70337,'534-425-8810');
Insert into CUSTOMER (CUSTNO,CUSTNAME,CUSTADDRESS,CUSTPROVINCE,CUSTZIP,CUSTPHONE) values (50245,'Poppy Larrock','27 South Greene Boulevard','Belfast City',46413,'106-777-2671');
Insert into CUSTOMER (CUSTNO,CUSTNAME,CUSTADDRESS,CUSTPROVINCE,CUSTZIP,CUSTPHONE) values (50246,'Portia Barlow','27 South Greenup Boulevard','Saint John',36598,'647-300-8734');
Insert into CUSTOMER (CUSTNO,CUSTNAME,CUSTADDRESS,CUSTPROVINCE,CUSTZIP,CUSTPHONE) values (50247,'Deann Vesper','17 Armstrong Court','Malaga',59862,'106-369-3642');
Insert into CUSTOMER (CUSTNO,CUSTNAME,CUSTADDRESS,CUSTPROVINCE,CUSTZIP,CUSTPHONE) values (50248,'Prane Hardy','27 South Greenwood Boulevard','Belfast City',46413,'354-405-7188');
Insert into CUSTOMER (CUSTNO,CUSTNAME,CUSTADDRESS,CUSTPROVINCE,CUSTZIP,CUSTPHONE) values (50249,'Primrose Newman','27 South Griggs Boulevard','Belfast City',46413,'336-439-3494');
Insert into CUSTOMER (CUSTNO,CUSTNAME,CUSTADDRESS,CUSTPROVINCE,CUSTZIP,CUSTPHONE) values (50250,'Priscilla German','27 South Grundy Boulevard','Belfast City',46413,'359-231-5343');
Insert into CUSTOMER (CUSTNO,CUSTNAME,CUSTADDRESS,CUSTPROVINCE,CUSTZIP,CUSTPHONE) values (50251,'Prudence Hamilton','27 South Guayama Boulevard','Krakow',68054,'337-325-6351');
Insert into CUSTOMER (CUSTNO,CUSTNAME,CUSTADDRESS,CUSTPROVINCE,CUSTZIP,CUSTPHONE) values (50252,'Psyche Damato','27 South Guayanilla Boulevard','Hannover',44010,'638-317-7010');
Insert into CUSTOMER (CUSTNO,CUSTNAME,CUSTADDRESS,CUSTPROVINCE,CUSTZIP,CUSTPHONE) values (50253,'Rachel Naber','27 South Guaynabo Boulevard','Belfast City',46413,'341-103-2209');
Insert into CUSTOMER (CUSTNO,CUSTNAME,CUSTADDRESS,CUSTPROVINCE,CUSTZIP,CUSTPHONE) values (50254,'Rachelle Elgin','27 South Guernsey Boulevard','Belfast City',46413,'453-544-8015');
Insert into CUSTOMER (CUSTNO,CUSTNAME,CUSTADDRESS,CUSTPROVINCE,CUSTZIP,CUSTPHONE) values (50255,'Radley Whitehead','27 South Guilford Boulevard','New Market',57217,'162-227-3968');
Insert into CUSTOMER (CUSTNO,CUSTNAME,CUSTADDRESS,CUSTPROVINCE,CUSTZIP,CUSTPHONE) values (50256,'Rae Yarborough','27 South Gurabo Boulevard','Niteroi',42058,'245-218-6832');
Insert into CUSTOMER (CUSTNO,CUSTNAME,CUSTADDRESS,CUSTPROVINCE,CUSTZIP,CUSTPHONE) values (50257,'Raina Lockhard','27 South Guthrie Boulevard','Molino',75917,'195-734-4098');
Insert into CUSTOMER (CUSTNO,CUSTNAME,CUSTADDRESS,CUSTPROVINCE,CUSTZIP,CUSTPHONE) values (50258,'Deanna Lamay','17 Aroostook Court','Malaga',59862,'647-485-9617');
Insert into CUSTOMER (CUSTNO,CUSTNAME,CUSTADDRESS,CUSTPROVINCE,CUSTZIP,CUSTPHONE) values (50259,'Raleigh Faimon','27 South Gwinnett Boulevard','Molino',75917,'371-411-2529');
Insert into CUSTOMER (CUSTNO,CUSTNAME,CUSTADDRESS,CUSTPROVINCE,CUSTZIP,CUSTPHONE) values (50260,'Ralph Kuehler','27 South Hamilton Boulevard','Molino',75917,'422-723-7430');
Insert into CUSTOMER (CUSTNO,CUSTNAME,CUSTADDRESS,CUSTPROVINCE,CUSTZIP,CUSTPHONE) values (50261,'Ralston Orrson','27 South Hampden Boulevard','Molino',75917,'137-369-8321');
Insert into CUSTOMER (CUSTNO,CUSTNAME,CUSTADDRESS,CUSTPROVINCE,CUSTZIP,CUSTPHONE) values (50262,'Rama Lauers','27 South Hampshire Boulevard','Paterna',70577,'333-485-1845');
Insert into CUSTOMER (CUSTNO,CUSTNAME,CUSTADDRESS,CUSTPROVINCE,CUSTZIP,CUSTPHONE) values (50263,'Ramon Nappier','27 South Hancock Boulevard','Danville',37281,'531-561-8055');
Insert into CUSTOMER (CUSTNO,CUSTNAME,CUSTADDRESS,CUSTPROVINCE,CUSTZIP,CUSTPHONE) values (50264,'Ramona Barry','27 South Hanson Boulevard','Paterna',70577,'278-576-2644');
Insert into CUSTOMER (CUSTNO,CUSTNAME,CUSTADDRESS,CUSTPROVINCE,CUSTZIP,CUSTPHONE) values (50265,'Ramsay Ridgeway','27 South Harbor Boulevard','Ravensburg',40715,'321-725-8627');
Insert into CUSTOMER (CUSTNO,CUSTNAME,CUSTADDRESS,CUSTPROVINCE,CUSTZIP,CUSTPHONE) values (50266,'Ramsey Webber','27 South Hardee Boulevard','Baziege',49708,'210-781-9729');
Insert into CUSTOMER (CUSTNO,CUSTNAME,CUSTADDRESS,CUSTPROVINCE,CUSTZIP,CUSTPHONE) values (50267,'Rana Parkinson','27 South Hardin Boulevard','Ravensburg',40715,'520-407-9278');
Insert into CUSTOMER (CUSTNO,CUSTNAME,CUSTADDRESS,CUSTPROVINCE,CUSTZIP,CUSTPHONE) values (50268,'Randal Kraft','27 South Hardy Boulevard','Copenhagen',56658,'236-131-1190');
Insert into CUSTOMER (CUSTNO,CUSTNAME,CUSTADDRESS,CUSTPROVINCE,CUSTZIP,CUSTPHONE) values (50269,'Deb Cummings','17 Ascension Court','Shevlin',62566,'354-561-6981');
Insert into CUSTOMER (CUSTNO,CUSTNAME,CUSTADDRESS,CUSTPROVINCE,CUSTZIP,CUSTPHONE) values (50270,'Randall Burgess','27 South Harlan Boulevard','Oilton',30414,'476-677-4718');
Insert into CUSTOMER (CUSTNO,CUSTNAME,CUSTADDRESS,CUSTPROVINCE,CUSTZIP,CUSTPHONE) values (50271,'Randolph Wan','27 South Harnett Boulevard','Peace River',62356,'253-652-2021');
Insert into CUSTOMER (CUSTNO,CUSTNAME,CUSTADDRESS,CUSTPROVINCE,CUSTZIP,CUSTPHONE) values (50272,'Randy Neila','27 South Harney Boulevard','Peace River',62356,'409-740-1381');
Insert into CUSTOMER (CUSTNO,CUSTNAME,CUSTADDRESS,CUSTPROVINCE,CUSTZIP,CUSTPHONE) values (50273,'Ranier Rothrock','27 South Harrison Boulevard','Barre',81319,'546-261-1398');
Insert into CUSTOMER (CUSTNO,CUSTNAME,CUSTADDRESS,CUSTPROVINCE,CUSTZIP,CUSTPHONE) values (50274,'Ransom Lein','27 South Hartford Boulevard','Barre',81319,'427-623-1836');
Insert into CUSTOMER (CUSTNO,CUSTNAME,CUSTADDRESS,CUSTPROVINCE,CUSTZIP,CUSTPHONE) values (50275,'Raphaela Trimmer','27 South Harvey Boulevard','Lowndesville',77501,'523-721-1348');
Insert into CUSTOMER (CUSTNO,CUSTNAME,CUSTADDRESS,CUSTPROVINCE,CUSTZIP,CUSTPHONE) values (50276,'Rawdon Fernandez','27 South Hatillo Boulevard','Dolores',58488,'146-189-3491');
Insert into CUSTOMER (CUSTNO,CUSTNAME,CUSTADDRESS,CUSTPROVINCE,CUSTZIP,CUSTPHONE) values (50277,'Ray Liang','27 South Hawaii Boulevard','Dolores',58488,'594-715-1606');
Insert into CUSTOMER (CUSTNO,CUSTNAME,CUSTADDRESS,CUSTPROVINCE,CUSTZIP,CUSTPHONE) values (50278,'Rayburn Lease','27 South Henderson Boulevard','Dolores',58488,'564-155-8961');
Insert into CUSTOMER (CUSTNO,CUSTNAME,CUSTADDRESS,CUSTPROVINCE,CUSTZIP,CUSTPHONE) values (50279,'Raymond Ziluca','27 South Hendricks Boulevard','Dolores',58488,'404-310-6754');
Insert into CUSTOMER (CUSTNO,CUSTNAME,CUSTADDRESS,CUSTPROVINCE,CUSTZIP,CUSTPHONE) values (50280,'Debbie Grier','17 Ashley Court','Keighley',63627,'336-576-6171');
Insert into CUSTOMER (CUSTNO,CUSTNAME,CUSTADDRESS,CUSTPROVINCE,CUSTZIP,CUSTPHONE) values (50281,'Reagan Ellis','27 South Hennepin Boulevard','Dolores',58488,'160-168-2677');
Insert into CUSTOMER (CUSTNO,CUSTNAME,CUSTADDRESS,CUSTPROVINCE,CUSTZIP,CUSTPHONE) values (50282,'Reba Oddell','27 South Henry Boulevard','Dolores',58488,'696-288-6534');
Insert into CUSTOMER (CUSTNO,CUSTNAME,CUSTADDRESS,CUSTPROVINCE,CUSTZIP,CUSTPHONE) values (50283,'Rebba Lyon','27 South Hewlet Boulevard','Bolsward',36360,'525-681-9959');
Insert into CUSTOMER (CUSTNO,CUSTNAME,CUSTADDRESS,CUSTPROVINCE,CUSTZIP,CUSTPHONE) values (50284,'Rebecca Mahood','27 South Hill Boulevard','Bolsward',36360,'622-759-1665');
Insert into CUSTOMER (CUSTNO,CUSTNAME,CUSTADDRESS,CUSTPROVINCE,CUSTZIP,CUSTPHONE) values (50285,'Redmond Roberts','27 South Hilly Boulevard','Salamanca',86319,'442-323-4006');
Insert into CUSTOMER (CUSTNO,CUSTNAME,CUSTADDRESS,CUSTPROVINCE,CUSTZIP,CUSTPHONE) values (50286,'Reece Christian','27 South Hidalgo Boulevard','Salamanca',86319,'672-768-9577');
Insert into CUSTOMER (CUSTNO,CUSTNAME,CUSTADDRESS,CUSTPROVINCE,CUSTZIP,CUSTPHONE) values (50287,'Regan Wong','27 South Hillsborough Boulevard','Victoria',86990,'266-123-8305');
Insert into CUSTOMER (CUSTNO,CUSTNAME,CUSTADDRESS,CUSTPROVINCE,CUSTZIP,CUSTPHONE) values (50288,'Regina Ogletree','27 South Hillside Boulevard','Torrevieja',39318,'452-463-4376');
Insert into CUSTOMER (CUSTNO,CUSTNAME,CUSTADDRESS,CUSTPROVINCE,CUSTZIP,CUSTPHONE) values (50289,'Reginald Levi','27 South Hinds Boulevard','Elche',60874,'435-477-7337');
Insert into CUSTOMER (CUSTNO,CUSTNAME,CUSTADDRESS,CUSTPROVINCE,CUSTZIP,CUSTPHONE) values (50290,'Rendell Rockwell','27 South Hocking Boulevard','Torrevieja',39318,'239-347-2393');
Insert into CUSTOMER (CUSTNO,CUSTNAME,CUSTADDRESS,CUSTPROVINCE,CUSTZIP,CUSTPHONE) values (50291,'Deborah Hale','17 Atchison Court','Keighley',63627,'359-725-2961');
Insert into CUSTOMER (CUSTNO,CUSTNAME,CUSTADDRESS,CUSTPROVINCE,CUSTZIP,CUSTPHONE) values (50292,'Rene Gowen','27 South Hoke Boulevard','Assen',42859,'539-401-3926');
Insert into CUSTOMER (CUSTNO,CUSTNAME,CUSTADDRESS,CUSTPROVINCE,CUSTZIP,CUSTPHONE) values (50293,'Renfred Littlefield','27 South Holly Boulevard','Torrevieja',39318,'492-332-2218');
Insert into CUSTOMER (CUSTNO,CUSTNAME,CUSTADDRESS,CUSTPROVINCE,CUSTZIP,CUSTPHONE) values (50294,'Renita Ladd','27 South Hollywood Boulevard','Torrevieja',39318,'496-252-4715');
Insert into CUSTOMER (CUSTNO,CUSTNAME,CUSTADDRESS,CUSTPROVINCE,CUSTZIP,CUSTPHONE) values (50295,'Reuben Kelleher','27 South Honolulu Boulevard','Five Points',50960,'603-130-3121');
Insert into CUSTOMER (CUSTNO,CUSTNAME,CUSTADDRESS,CUSTPROVINCE,CUSTZIP,CUSTPHONE) values (50296,'Rex Gottlieb','27 South Hopkins Boulevard','Kawasaki',66572,'186-398-3846');
Insert into CUSTOMER (CUSTNO,CUSTNAME,CUSTADDRESS,CUSTPROVINCE,CUSTZIP,CUSTPHONE) values (50297,'Rexford Cole','27 South Hormigueros Boulevard','Kyoto',52229,'541-504-4866');
Insert into CUSTOMER (CUSTNO,CUSTNAME,CUSTADDRESS,CUSTPROVINCE,CUSTZIP,CUSTPHONE) values (50298,'Reyburn Felton','27 South Hospital Boulevard','Chambery',47425,'449-361-1125');
Insert into CUSTOMER (CUSTNO,CUSTNAME,CUSTADDRESS,CUSTPROVINCE,CUSTZIP,CUSTPHONE) values (50299,'Rhoda Li','27 South Hot Springs Boulevard','Krefeld',79889,'607-271-1866');
Insert into CUSTOMER (CUSTNO,CUSTNAME,CUSTADDRESS,CUSTPROVINCE,CUSTZIP,CUSTPHONE) values (50300,'Richard Braun','27 South Houston Boulevard','Kyoto',52229,'293-386-7339');


--Holding
Insert into HOLDING (HOLDNO,CUSTNO,ASSETNO,HOLDQTY) values (2033,50200,'EJ',3735);
Insert into HOLDING (HOLDNO,CUSTNO,ASSETNO,HOLDQTY) values (2043,50201,'UNT',4884);
Insert into HOLDING (HOLDNO,CUSTNO,ASSETNO,HOLDQTY) values (2047,50202,'OB',3563);
Insert into HOLDING (HOLDNO,CUSTNO,ASSETNO,HOLDQTY) values (2048,50202,'GEL',2484);
Insert into HOLDING (HOLDNO,CUSTNO,ASSETNO,HOLDQTY) values (2061,50203,'TTI',4236);
Insert into HOLDING (HOLDNO,CUSTNO,ASSETNO,HOLDQTY) values (2063,50204,'PVTD',2453);
Insert into HOLDING (HOLDNO,CUSTNO,ASSETNO,HOLDQTY) values (2066,50204,'PIY',1142);
Insert into HOLDING (HOLDNO,CUSTNO,ASSETNO,HOLDQTY) values (2071,50205,'AB',4471);
Insert into HOLDING (HOLDNO,CUSTNO,ASSETNO,HOLDQTY) values (2079,50205,'PE',3171);
Insert into HOLDING (HOLDNO,CUSTNO,ASSETNO,HOLDQTY) values (2081,50205,'AT',1924);
Insert into HOLDING (HOLDNO,CUSTNO,ASSETNO,HOLDQTY) values (2086,50206,'KOS',2892);
Insert into HOLDING (HOLDNO,CUSTNO,ASSETNO,HOLDQTY) values (2087,50206,'IO',2106);
Insert into HOLDING (HOLDNO,CUSTNO,ASSETNO,HOLDQTY) values (2088,50206,'SN',2253);
Insert into HOLDING (HOLDNO,CUSTNO,ASSETNO,HOLDQTY) values (2094,50206,'WNR',2972);
Insert into HOLDING (HOLDNO,CUSTNO,ASSETNO,HOLDQTY) values (2096,50207,'QEP',1305);
Insert into HOLDING (HOLDNO,CUSTNO,ASSETNO,HOLDQTY) values (2099,50207,'HSEB',4098);
Insert into HOLDING (HOLDNO,CUSTNO,ASSETNO,HOLDQTY) values (2100,50207,'JNS',2513);
Insert into HOLDING (HOLDNO,CUSTNO,ASSETNO,HOLDQTY) values (2102,50207,'CJES',1398);
Insert into HOLDING (HOLDNO,CUSTNO,ASSETNO,HOLDQTY) values (2105,50207,'WTM',1981);
Insert into HOLDING (HOLDNO,CUSTNO,ASSETNO,HOLDQTY) values (2107,50207,'GNW',376);
Insert into HOLDING (HOLDNO,CUSTNO,ASSETNO,HOLDQTY) values (2111,50208,'XKE',992);
Insert into HOLDING (HOLDNO,CUSTNO,ASSETNO,HOLDQTY) values (2116,50209,'IOC',4442);
Insert into HOLDING (HOLDNO,CUSTNO,ASSETNO,HOLDQTY) values (2120,50209,'FFG',1850);
Insert into HOLDING (HOLDNO,CUSTNO,ASSETNO,HOLDQTY) values (2121,50209,'MLP',4726);
Insert into HOLDING (HOLDNO,CUSTNO,ASSETNO,HOLDQTY) values (2126,50210,'PAGP',4768);
Insert into HOLDING (HOLDNO,CUSTNO,ASSETNO,HOLDQTY) values (2128,50210,'TOT',695);
Insert into HOLDING (HOLDNO,CUSTNO,ASSETNO,HOLDQTY) values (2129,50210,'RDS.B',4721);
Insert into HOLDING (HOLDNO,CUSTNO,ASSETNO,HOLDQTY) values (2136,50211,'BXE',3901);
Insert into HOLDING (HOLDNO,CUSTNO,ASSETNO,HOLDQTY) values (2143,50211,'RZA',2700);
Insert into HOLDING (HOLDNO,CUSTNO,ASSETNO,HOLDQTY) values (2144,50211,'BBG',2726);
Insert into HOLDING (HOLDNO,CUSTNO,ASSETNO,HOLDQTY) values (2145,50211,'CUBS',4574);
Insert into HOLDING (HOLDNO,CUSTNO,ASSETNO,HOLDQTY) values (2147,50211,'LNC',3114);
Insert into HOLDING (HOLDNO,CUSTNO,ASSETNO,HOLDQTY) values (2149,50212,'RZA',3368);
Insert into HOLDING (HOLDNO,CUSTNO,ASSETNO,HOLDQTY) values (2153,50212,'MHFI',473);
Insert into HOLDING (HOLDNO,CUSTNO,ASSETNO,HOLDQTY) values (2155,50212,'PZE',877);
Insert into HOLDING (HOLDNO,CUSTNO,ASSETNO,HOLDQTY) values (2169,50214,'SAN',1355);
Insert into HOLDING (HOLDNO,CUSTNO,ASSETNO,HOLDQTY) values (2172,50214,'STC',3345);
Insert into HOLDING (HOLDNO,CUSTNO,ASSETNO,HOLDQTY) values (2180,50214,'BK',3780);
Insert into HOLDING (HOLDNO,CUSTNO,ASSETNO,HOLDQTY) values (2185,50215,'GJH',3113);
Insert into HOLDING (HOLDNO,CUSTNO,ASSETNO,HOLDQTY) values (2193,50216,'BOH',3605);
Insert into HOLDING (HOLDNO,CUSTNO,ASSETNO,HOLDQTY) values (2194,50216,'UVE',1068);
Insert into HOLDING (HOLDNO,CUSTNO,ASSETNO,HOLDQTY) values (2196,50216,'BGCA',1435);
Insert into HOLDING (HOLDNO,CUSTNO,ASSETNO,HOLDQTY) values (2198,50216,'MWR',3286);
Insert into HOLDING (HOLDNO,CUSTNO,ASSETNO,HOLDQTY) values (2201,50217,'ENB',960);
Insert into HOLDING (HOLDNO,CUSTNO,ASSETNO,HOLDQTY) values (2202,50217,'MTR',2096);
Insert into HOLDING (HOLDNO,CUSTNO,ASSETNO,HOLDQTY) values (2217,50218,'PBT',2023);
Insert into HOLDING (HOLDNO,CUSTNO,ASSETNO,HOLDQTY) values (2220,50218,'ISG',4326);
Insert into HOLDING (HOLDNO,CUSTNO,ASSETNO,HOLDQTY) values (2221,50218,'EFC',2228);
Insert into HOLDING (HOLDNO,CUSTNO,ASSETNO,HOLDQTY) values (2223,50219,'ICE',2662);
Insert into HOLDING (HOLDNO,CUSTNO,ASSETNO,HOLDQTY) values (2226,50219,'SM',3091);
Insert into HOLDING (HOLDNO,CUSTNO,ASSETNO,HOLDQTY) values (2232,50220,'JONE',3766);
Insert into HOLDING (HOLDNO,CUSTNO,ASSETNO,HOLDQTY) values (2239,50220,'ICD',1699);
Insert into HOLDING (HOLDNO,CUSTNO,ASSETNO,HOLDQTY) values (2241,50220,'BCH',1252);
Insert into HOLDING (HOLDNO,CUSTNO,ASSETNO,HOLDQTY) values (2246,50221,'REN           ',2454);
Insert into HOLDING (HOLDNO,CUSTNO,ASSETNO,HOLDQTY) values (2249,50221,'HES',2455);
Insert into HOLDING (HOLDNO,CUSTNO,ASSETNO,HOLDQTY) values (2250,50221,'SGZA',435);
Insert into HOLDING (HOLDNO,CUSTNO,ASSETNO,HOLDQTY) values (2253,50221,'MUR',314);
Insert into HOLDING (HOLDNO,CUSTNO,ASSETNO,HOLDQTY) values (2260,50222,'KKR',2004);
Insert into HOLDING (HOLDNO,CUSTNO,ASSETNO,HOLDQTY) values (2261,50222,'RRC',3763);
Insert into HOLDING (HOLDNO,CUSTNO,ASSETNO,HOLDQTY) values (2270,50223,'LEJU',1086);
Insert into HOLDING (HOLDNO,CUSTNO,ASSETNO,HOLDQTY) values (2283,50224,'DRQ',1550);
Insert into HOLDING (HOLDNO,CUSTNO,ASSETNO,HOLDQTY) values (2286,50224,'CXO',2508);
Insert into HOLDING (HOLDNO,CUSTNO,ASSETNO,HOLDQTY) values (2304,50226,'TRV',3793);
Insert into HOLDING (HOLDNO,CUSTNO,ASSETNO,HOLDQTY) values (2305,50226,'PJH',3927);
Insert into HOLDING (HOLDNO,CUSTNO,ASSETNO,HOLDQTY) values (2312,50227,'KFI',3796);
Insert into HOLDING (HOLDNO,CUSTNO,ASSETNO,HOLDQTY) values (2313,50227,'CRK',2856);
Insert into HOLDING (HOLDNO,CUSTNO,ASSETNO,HOLDQTY) values (2319,50227,'OCN',1485);
Insert into HOLDING (HOLDNO,CUSTNO,ASSETNO,HOLDQTY) values (2330,50228,'PWE',3309);
Insert into HOLDING (HOLDNO,CUSTNO,ASSETNO,HOLDQTY) values (2336,50229,'BCA',2513);
Insert into HOLDING (HOLDNO,CUSTNO,ASSETNO,HOLDQTY) values (2338,50229,'DK',2814);
Insert into HOLDING (HOLDNO,CUSTNO,ASSETNO,HOLDQTY) values (2343,50229,'IOC',896);
Insert into HOLDING (HOLDNO,CUSTNO,ASSETNO,HOLDQTY) values (2350,50230,'L',1167);
Insert into HOLDING (HOLDNO,CUSTNO,ASSETNO,HOLDQTY) values (2352,50230,'AFA',4745);
Insert into HOLDING (HOLDNO,CUSTNO,ASSETNO,HOLDQTY) values (2356,50231,'SAN',304);
Insert into HOLDING (HOLDNO,CUSTNO,ASSETNO,HOLDQTY) values (2357,50231,'BBX',4778);
Insert into HOLDING (HOLDNO,CUSTNO,ASSETNO,HOLDQTY) values (2362,50231,'SEMG',1143);
Insert into HOLDING (HOLDNO,CUSTNO,ASSETNO,HOLDQTY) values (2364,50232,'SNV',480);
Insert into HOLDING (HOLDNO,CUSTNO,ASSETNO,HOLDQTY) values (2366,50232,'AFGE',1595);
Insert into HOLDING (HOLDNO,CUSTNO,ASSETNO,HOLDQTY) values (2369,50232,'CRK',3605);
Insert into HOLDING (HOLDNO,CUSTNO,ASSETNO,HOLDQTY) values (2379,50233,'DXB',1360);
Insert into HOLDING (HOLDNO,CUSTNO,ASSETNO,HOLDQTY) values (2392,50234,'CAM',2857);
Insert into HOLDING (HOLDNO,CUSTNO,ASSETNO,HOLDQTY) values (2393,50234,'IHC',1769);
Insert into HOLDING (HOLDNO,CUSTNO,ASSETNO,HOLDQTY) values (2394,50234,'SPN',4135);
Insert into HOLDING (HOLDNO,CUSTNO,ASSETNO,HOLDQTY) values (2396,50235,'RDS.B',4725);
Insert into HOLDING (HOLDNO,CUSTNO,ASSETNO,HOLDQTY) values (2398,50235,'HDB',3404);
Insert into HOLDING (HOLDNO,CUSTNO,ASSETNO,HOLDQTY) values (2399,50235,'AJG',1237);
Insert into HOLDING (HOLDNO,CUSTNO,ASSETNO,HOLDQTY) values (2400,50235,'COF',2868);
Insert into HOLDING (HOLDNO,CUSTNO,ASSETNO,HOLDQTY) values (2401,50235,'FBP',1642);
Insert into HOLDING (HOLDNO,CUSTNO,ASSETNO,HOLDQTY) values (2403,50235,'MHNA',599);
Insert into HOLDING (HOLDNO,CUSTNO,ASSETNO,HOLDQTY) values (2406,50236,'JMPC',4491);
Insert into HOLDING (HOLDNO,CUSTNO,ASSETNO,HOLDQTY) values (2407,50236,'BTE',3129);
Insert into HOLDING (HOLDNO,CUSTNO,ASSETNO,HOLDQTY) values (2409,50236,'HK',313);
Insert into HOLDING (HOLDNO,CUSTNO,ASSETNO,HOLDQTY) values (2413,50237,'EV',1837);
Insert into HOLDING (HOLDNO,CUSTNO,ASSETNO,HOLDQTY) values (2414,50237,'SLF',863);
Insert into HOLDING (HOLDNO,CUSTNO,ASSETNO,HOLDQTY) values (2416,50237,'CPE',4350);
Insert into HOLDING (HOLDNO,CUSTNO,ASSETNO,HOLDQTY) values (2417,50237,'NS',4479);
Insert into HOLDING (HOLDNO,CUSTNO,ASSETNO,HOLDQTY) values (2418,50238,'PRU',3216);
Insert into HOLDING (HOLDNO,CUSTNO,ASSETNO,HOLDQTY) values (2419,50238,'ZBK',3091);
Insert into HOLDING (HOLDNO,CUSTNO,ASSETNO,HOLDQTY) values (2422,50238,'FI',1972);
Insert into HOLDING (HOLDNO,CUSTNO,ASSETNO,HOLDQTY) values (2441,50240,'BCH',736);
Insert into HOLDING (HOLDNO,CUSTNO,ASSETNO,HOLDQTY) values (2444,50240,'KMPR',343);
Insert into HOLDING (HOLDNO,CUSTNO,ASSETNO,HOLDQTY) values (2445,50240,'CEO',4339);
Insert into HOLDING (HOLDNO,CUSTNO,ASSETNO,HOLDQTY) values (2448,50241,'NBHC',4103);
Insert into HOLDING (HOLDNO,CUSTNO,ASSETNO,HOLDQTY) values (2449,50241,'PBA',595);
Insert into HOLDING (HOLDNO,CUSTNO,ASSETNO,HOLDQTY) values (2454,50241,'SUN',3962);
Insert into HOLDING (HOLDNO,CUSTNO,ASSETNO,HOLDQTY) values (2457,50242,'CRT',2659);
Insert into HOLDING (HOLDNO,CUSTNO,ASSETNO,HOLDQTY) values (2467,50243,'EVR',3608);
Insert into HOLDING (HOLDNO,CUSTNO,ASSETNO,HOLDQTY) values (2472,50243,'JPEP',4474);
Insert into HOLDING (HOLDNO,CUSTNO,ASSETNO,HOLDQTY) values (2474,50243,'CIT',258);
Insert into HOLDING (HOLDNO,CUSTNO,ASSETNO,HOLDQTY) values (2476,50243,'CIA',513);
Insert into HOLDING (HOLDNO,CUSTNO,ASSETNO,HOLDQTY) values (2477,50244,'XCO',624);
Insert into HOLDING (HOLDNO,CUSTNO,ASSETNO,HOLDQTY) values (2479,50244,'KEY',3787);
Insert into HOLDING (HOLDNO,CUSTNO,ASSETNO,HOLDQTY) values (2480,50244,'SGY',2325);
Insert into HOLDING (HOLDNO,CUSTNO,ASSETNO,HOLDQTY) values (2483,50244,'EGN',3107);
Insert into HOLDING (HOLDNO,CUSTNO,ASSETNO,HOLDQTY) values (2484,50244,'RESI',2552);
Insert into HOLDING (HOLDNO,CUSTNO,ASSETNO,HOLDQTY) values (2488,50244,'NBR',3414);
Insert into HOLDING (HOLDNO,CUSTNO,ASSETNO,HOLDQTY) values (2491,50245,'ROL',3888);
Insert into HOLDING (HOLDNO,CUSTNO,ASSETNO,HOLDQTY) values (2494,50245,'CRK',140);
Insert into HOLDING (HOLDNO,CUSTNO,ASSETNO,HOLDQTY) values (2495,50245,'CIB',3396);
Insert into HOLDING (HOLDNO,CUSTNO,ASSETNO,HOLDQTY) values (2499,50245,'NR',2960);
Insert into HOLDING (HOLDNO,CUSTNO,ASSETNO,HOLDQTY) values (2501,50245,'E',1704);
Insert into HOLDING (HOLDNO,CUSTNO,ASSETNO,HOLDQTY) values (2502,50246,'CBG',3500);
Insert into HOLDING (HOLDNO,CUSTNO,ASSETNO,HOLDQTY) values (2506,50246,'KMPR',2856);
Insert into HOLDING (HOLDNO,CUSTNO,ASSETNO,HOLDQTY) values (2511,50247,'WLL',3233);
Insert into HOLDING (HOLDNO,CUSTNO,ASSETNO,HOLDQTY) values (2513,50247,'MWO',3071);
Insert into HOLDING (HOLDNO,CUSTNO,ASSETNO,HOLDQTY) values (2516,50247,'APA',4206);
Insert into HOLDING (HOLDNO,CUSTNO,ASSETNO,HOLDQTY) values (2520,50248,'SSL',2639);
Insert into HOLDING (HOLDNO,CUSTNO,ASSETNO,HOLDQTY) values (2523,50248,'MPC',4071);
Insert into HOLDING (HOLDNO,CUSTNO,ASSETNO,HOLDQTY) values (2537,50249,'SAN',906);
Insert into HOLDING (HOLDNO,CUSTNO,ASSETNO,HOLDQTY) values (2542,50250,'SN',3092);
Insert into HOLDING (HOLDNO,CUSTNO,ASSETNO,HOLDQTY) values (2547,50250,'ITUB',2914);
Insert into HOLDING (HOLDNO,CUSTNO,ASSETNO,HOLDQTY) values (2555,50251,'SCHW',2170);
Insert into HOLDING (HOLDNO,CUSTNO,ASSETNO,HOLDQTY) values (2557,50252,'FAC',4354);
Insert into HOLDING (HOLDNO,CUSTNO,ASSETNO,HOLDQTY) values (2558,50252,'EFX',780);
Insert into HOLDING (HOLDNO,CUSTNO,ASSETNO,HOLDQTY) values (2561,50252,'BBDO',1600);
Insert into HOLDING (HOLDNO,CUSTNO,ASSETNO,HOLDQTY) values (2573,50253,'SCNB',3593);
Insert into HOLDING (HOLDNO,CUSTNO,ASSETNO,HOLDQTY) values (2575,50253,'SGZA',1795);
Insert into HOLDING (HOLDNO,CUSTNO,ASSETNO,HOLDQTY) values (2578,50254,'RZA',240);
Insert into HOLDING (HOLDNO,CUSTNO,ASSETNO,HOLDQTY) values (2585,50255,'HEP',1373);
Insert into HOLDING (HOLDNO,CUSTNO,ASSETNO,HOLDQTY) values (2587,50255,'NSH',517);
Insert into HOLDING (HOLDNO,CUSTNO,ASSETNO,HOLDQTY) values (2588,50255,'STI',684);
Insert into HOLDING (HOLDNO,CUSTNO,ASSETNO,HOLDQTY) values (2600,50257,'ITG',1918);
Insert into HOLDING (HOLDNO,CUSTNO,ASSETNO,HOLDQTY) values (2601,50257,'TCB',4821);
Insert into HOLDING (HOLDNO,CUSTNO,ASSETNO,HOLDQTY) values (2606,50257,'REN           ',3160);
Insert into HOLDING (HOLDNO,CUSTNO,ASSETNO,HOLDQTY) values (2609,50258,'FGL',221);
Insert into HOLDING (HOLDNO,CUSTNO,ASSETNO,HOLDQTY) values (2617,50259,'TRU',4387);
Insert into HOLDING (HOLDNO,CUSTNO,ASSETNO,HOLDQTY) values (2620,50259,'GEH',4315);
Insert into HOLDING (HOLDNO,CUSTNO,ASSETNO,HOLDQTY) values (2622,50259,'JLL',1800);
Insert into HOLDING (HOLDNO,CUSTNO,ASSETNO,HOLDQTY) values (2623,50259,'NDRO',485);
Insert into HOLDING (HOLDNO,CUSTNO,ASSETNO,HOLDQTY) values (2631,50260,'CFR',2982);
Insert into HOLDING (HOLDNO,CUSTNO,ASSETNO,HOLDQTY) values (2636,50260,'GDOT',4712);
Insert into HOLDING (HOLDNO,CUSTNO,ASSETNO,HOLDQTY) values (2645,50261,'RDC',2413);
Insert into HOLDING (HOLDNO,CUSTNO,ASSETNO,HOLDQTY) values (2646,50261,'FELP',4844);
Insert into HOLDING (HOLDNO,CUSTNO,ASSETNO,HOLDQTY) values (2653,50262,'NGS',2568);
Insert into HOLDING (HOLDNO,CUSTNO,ASSETNO,HOLDQTY) values (2657,50262,'ORI',2104);
Insert into HOLDING (HOLDNO,CUSTNO,ASSETNO,HOLDQTY) values (2665,50263,'PRI',2962);
Insert into HOLDING (HOLDNO,CUSTNO,ASSETNO,HOLDQTY) values (2671,50264,'GEB',795);
Insert into HOLDING (HOLDNO,CUSTNO,ASSETNO,HOLDQTY) values (2672,50264,'RRMS',1321);
Insert into HOLDING (HOLDNO,CUSTNO,ASSETNO,HOLDQTY) values (2688,50266,'ISG',3407);
Insert into HOLDING (HOLDNO,CUSTNO,ASSETNO,HOLDQTY) values (2697,50267,'AGO',1205);
Insert into HOLDING (HOLDNO,CUSTNO,ASSETNO,HOLDQTY) values (2700,50267,'GJH',3218);
Insert into HOLDING (HOLDNO,CUSTNO,ASSETNO,HOLDQTY) values (2701,50267,'HP',3865);
Insert into HOLDING (HOLDNO,CUSTNO,ASSETNO,HOLDQTY) values (2719,50269,'MWR',2535);
Insert into HOLDING (HOLDNO,CUSTNO,ASSETNO,HOLDQTY) values (2727,50270,'DTK',1574);
Insert into HOLDING (HOLDNO,CUSTNO,ASSETNO,HOLDQTY) values (2728,50270,'PFG',498);
Insert into HOLDING (HOLDNO,CUSTNO,ASSETNO,HOLDQTY) values (2731,50270,'CIE',1326);
Insert into HOLDING (HOLDNO,CUSTNO,ASSETNO,HOLDQTY) values (2740,50271,'AVAL',1025);
Insert into HOLDING (HOLDNO,CUSTNO,ASSETNO,HOLDQTY) values (2743,50271,'WNRL',2001);
Insert into HOLDING (HOLDNO,CUSTNO,ASSETNO,HOLDQTY) values (2749,50272,'SWNC',3780);
Insert into HOLDING (HOLDNO,CUSTNO,ASSETNO,HOLDQTY) values (2750,50272,'DFS',3206);
Insert into HOLDING (HOLDNO,CUSTNO,ASSETNO,HOLDQTY) values (2752,50272,'GJT',4874);
Insert into HOLDING (HOLDNO,CUSTNO,ASSETNO,HOLDQTY) values (2761,50273,'ECT',1079);
Insert into HOLDING (HOLDNO,CUSTNO,ASSETNO,HOLDQTY) values (2763,50273,'BPT',3111);
Insert into HOLDING (HOLDNO,CUSTNO,ASSETNO,HOLDQTY) values (2769,50273,'NBR',3615);
Insert into HOLDING (HOLDNO,CUSTNO,ASSETNO,HOLDQTY) values (2774,50274,'PWE',2678);
Insert into HOLDING (HOLDNO,CUSTNO,ASSETNO,HOLDQTY) values (2775,50274,'MUR',801);
Insert into HOLDING (HOLDNO,CUSTNO,ASSETNO,HOLDQTY) values (2777,50274,'KMPA',3604);
Insert into HOLDING (HOLDNO,CUSTNO,ASSETNO,HOLDQTY) values (2779,50274,'PRA',593);
Insert into HOLDING (HOLDNO,CUSTNO,ASSETNO,HOLDQTY) values (2780,50274,'BGCA',151);
Insert into HOLDING (HOLDNO,CUSTNO,ASSETNO,HOLDQTY) values (2782,50274,'AIC',3433);
Insert into HOLDING (HOLDNO,CUSTNO,ASSETNO,HOLDQTY) values (2783,50274,'USB',3920);
Insert into HOLDING (HOLDNO,CUSTNO,ASSETNO,HOLDQTY) values (2785,50274,'CPE',2241);
Insert into HOLDING (HOLDNO,CUSTNO,ASSETNO,HOLDQTY) values (2793,50276,'MPLX',4150);
Insert into HOLDING (HOLDNO,CUSTNO,ASSETNO,HOLDQTY) values (2794,50276,'BRO',4491);
Insert into HOLDING (HOLDNO,CUSTNO,ASSETNO,HOLDQTY) values (2797,50276,'PES',2672);
Insert into HOLDING (HOLDNO,CUSTNO,ASSETNO,HOLDQTY) values (2799,50276,'CMI',3815);
Insert into HOLDING (HOLDNO,CUSTNO,ASSETNO,HOLDQTY) values (2803,50276,'COG',1783);
Insert into HOLDING (HOLDNO,CUSTNO,ASSETNO,HOLDQTY) values (2807,50276,'PGH',1504);
Insert into HOLDING (HOLDNO,CUSTNO,ASSETNO,HOLDQTY) values (2832,50279,'HK',1687);
Insert into HOLDING (HOLDNO,CUSTNO,ASSETNO,HOLDQTY) values (2839,50280,'EV',2592);
Insert into HOLDING (HOLDNO,CUSTNO,ASSETNO,HOLDQTY) values (2840,50280,'RRC',772);
Insert into HOLDING (HOLDNO,CUSTNO,ASSETNO,HOLDQTY) values (2846,50280,'CNQ',4907);
Insert into HOLDING (HOLDNO,CUSTNO,ASSETNO,HOLDQTY) values (2848,50280,'AHH',1951);
Insert into HOLDING (HOLDNO,CUSTNO,ASSETNO,HOLDQTY) values (2850,50280,'BMO',3689);
Insert into HOLDING (HOLDNO,CUSTNO,ASSETNO,HOLDQTY) values (2856,50281,'GJT',3525);
Insert into HOLDING (HOLDNO,CUSTNO,ASSETNO,HOLDQTY) values (2860,50281,'WNR',2694);
Insert into HOLDING (HOLDNO,CUSTNO,ASSETNO,HOLDQTY) values (2862,50281,'PDS',188);
Insert into HOLDING (HOLDNO,CUSTNO,ASSETNO,HOLDQTY) values (2872,50282,'CO',3820);
Insert into HOLDING (HOLDNO,CUSTNO,ASSETNO,HOLDQTY) values (2874,50282,'MN',1784);
Insert into HOLDING (HOLDNO,CUSTNO,ASSETNO,HOLDQTY) values (2875,50282,'FCF',4978);
Insert into HOLDING (HOLDNO,CUSTNO,ASSETNO,HOLDQTY) values (2876,50282,'HCI',270);
Insert into HOLDING (HOLDNO,CUSTNO,ASSETNO,HOLDQTY) values (2877,50282,'GZT',2667);
Insert into HOLDING (HOLDNO,CUSTNO,ASSETNO,HOLDQTY) values (2884,50283,'AFG',3112);
Insert into HOLDING (HOLDNO,CUSTNO,ASSETNO,HOLDQTY) values (2886,50283,'EGY',2175);
Insert into HOLDING (HOLDNO,CUSTNO,ASSETNO,HOLDQTY) values (2888,50284,'IBN',3021);
Insert into HOLDING (HOLDNO,CUSTNO,ASSETNO,HOLDQTY) values (2892,50284,'FMD',3930);
Insert into HOLDING (HOLDNO,CUSTNO,ASSETNO,HOLDQTY) values (2896,50284,'XOM',3913);
Insert into HOLDING (HOLDNO,CUSTNO,ASSETNO,HOLDQTY) values (2902,50285,'SMFG',3308);
Insert into HOLDING (HOLDNO,CUSTNO,ASSETNO,HOLDQTY) values (2905,50285,'HIG',1675);
Insert into HOLDING (HOLDNO,CUSTNO,ASSETNO,HOLDQTY) values (2921,50286,'GOV',2776);
Insert into HOLDING (HOLDNO,CUSTNO,ASSETNO,HOLDQTY) values (2922,50287,'THGA',3665);
Insert into HOLDING (HOLDNO,CUSTNO,ASSETNO,HOLDQTY) values (2924,50287,'IHC',1916);
Insert into HOLDING (HOLDNO,CUSTNO,ASSETNO,HOLDQTY) values (2927,50287,'EMES',896);
Insert into HOLDING (HOLDNO,CUSTNO,ASSETNO,HOLDQTY) values (2928,50288,'WLL',3030);
Insert into HOLDING (HOLDNO,CUSTNO,ASSETNO,HOLDQTY) values (2932,50288,'EV',1756);
Insert into HOLDING (HOLDNO,CUSTNO,ASSETNO,HOLDQTY) values (2936,50288,'WFT',3787);
Insert into HOLDING (HOLDNO,CUSTNO,ASSETNO,HOLDQTY) values (2940,50289,'THG',1474);
Insert into HOLDING (HOLDNO,CUSTNO,ASSETNO,HOLDQTY) values (2942,50289,'NRP',1259);
Insert into HOLDING (HOLDNO,CUSTNO,ASSETNO,HOLDQTY) values (2948,50290,'SLF',4098);
Insert into HOLDING (HOLDNO,CUSTNO,ASSETNO,HOLDQTY) values (2949,50290,'NOV',4889);
Insert into HOLDING (HOLDNO,CUSTNO,ASSETNO,HOLDQTY) values (2954,50290,'JBR',2754);
Insert into HOLDING (HOLDNO,CUSTNO,ASSETNO,HOLDQTY) values (2959,50291,'SCNB',3844);
Insert into HOLDING (HOLDNO,CUSTNO,ASSETNO,HOLDQTY) values (2964,50291,'NSH',4470);
Insert into HOLDING (HOLDNO,CUSTNO,ASSETNO,HOLDQTY) values (2974,50293,'MET',2859);
Insert into HOLDING (HOLDNO,CUSTNO,ASSETNO,HOLDQTY) values (2978,50293,'ALJ',3825);
Insert into HOLDING (HOLDNO,CUSTNO,ASSETNO,HOLDQTY) values (2985,50293,'EVRI',967);
Insert into HOLDING (HOLDNO,CUSTNO,ASSETNO,HOLDQTY) values (2987,50294,'PHH',1093);
Insert into HOLDING (HOLDNO,CUSTNO,ASSETNO,HOLDQTY) values (2988,50294,'SGY',3781);
Insert into HOLDING (HOLDNO,CUSTNO,ASSETNO,HOLDQTY) values (2989,50294,'SU',345);
Insert into HOLDING (HOLDNO,CUSTNO,ASSETNO,HOLDQTY) values (2997,50295,'BAS',3144);
Insert into HOLDING (HOLDNO,CUSTNO,ASSETNO,HOLDQTY) values (2999,50295,'GJO',1480);
Insert into HOLDING (HOLDNO,CUSTNO,ASSETNO,HOLDQTY) values (3000,50295,'ARP',3860);
Insert into HOLDING (HOLDNO,CUSTNO,ASSETNO,HOLDQTY) values (3009,50296,'PFG',4008);
Insert into HOLDING (HOLDNO,CUSTNO,ASSETNO,HOLDQTY) values (3011,50296,'YZC',3068);
Insert into HOLDING (HOLDNO,CUSTNO,ASSETNO,HOLDQTY) values (3018,50297,'LYG',2181);
Insert into HOLDING (HOLDNO,CUSTNO,ASSETNO,HOLDQTY) values (3026,50298,'OXY',417);
Insert into HOLDING (HOLDNO,CUSTNO,ASSETNO,HOLDQTY) values (3043,50300,'CELP',2865);
Insert into HOLDING (HOLDNO,CUSTNO,ASSETNO,HOLDQTY) values (3048,50300,'HPP',819);

--Trade
Insert into TRADE (TRADENO,HOLDNO,TRDQTY,TRDPRICE,TRDDATE,TRDTYPE,STATUSNO) values (105706,2033,446,16.27,to_date('19-JAN-2016','DD-MON-RRRR'),'Sell',3);
Insert into TRADE (TRADENO,HOLDNO,TRDQTY,TRDPRICE,TRDDATE,TRDTYPE,STATUSNO) values (107955,2048,1044,17.96,to_date('27-JAN-2016','DD-MON-RRRR'),'Sell',1);
Insert into TRADE (TRADENO,HOLDNO,TRDQTY,TRDPRICE,TRDDATE,TRDTYPE,STATUSNO) values (104690,2048,1004,4.26,to_date('15-JAN-2016','DD-MON-RRRR'),'Buy',3);
Insert into TRADE (TRADENO,HOLDNO,TRDQTY,TRDPRICE,TRDDATE,TRDTYPE,STATUSNO) values (108513,2063,74,3.23,to_date('29-JAN-2016','DD-MON-RRRR'),'Buy',1);
Insert into TRADE (TRADENO,HOLDNO,TRDQTY,TRDPRICE,TRDDATE,TRDTYPE,STATUSNO) values (101520,2063,981,3.65,to_date('05-JAN-2016','DD-MON-RRRR'),'Buy',1);
Insert into TRADE (TRADENO,HOLDNO,TRDQTY,TRDPRICE,TRDDATE,TRDTYPE,STATUSNO) values (101241,2063,549,7.2,to_date('04-JAN-2016','DD-MON-RRRR'),'Buy',3);
Insert into TRADE (TRADENO,HOLDNO,TRDQTY,TRDPRICE,TRDDATE,TRDTYPE,STATUSNO) values (105875,2079,683,8.84,to_date('20-JAN-2016','DD-MON-RRRR'),'Buy',2);
Insert into TRADE (TRADENO,HOLDNO,TRDQTY,TRDPRICE,TRDDATE,TRDTYPE,STATUSNO) values (102167,2079,2480,9.46,to_date('06-JAN-2016','DD-MON-RRRR'),'Buy',1);
Insert into TRADE (TRADENO,HOLDNO,TRDQTY,TRDPRICE,TRDDATE,TRDTYPE,STATUSNO) values (106409,2081,533,12.11,to_date('22-JAN-2016','DD-MON-RRRR'),'Buy',2);
Insert into TRADE (TRADENO,HOLDNO,TRDQTY,TRDPRICE,TRDDATE,TRDTYPE,STATUSNO) values (109066,2086,2802,10.15,to_date('31-JAN-2016','DD-MON-RRRR'),'Buy',2);
Insert into TRADE (TRADENO,HOLDNO,TRDQTY,TRDPRICE,TRDDATE,TRDTYPE,STATUSNO) values (102419,2086,1642,8.59,to_date('07-JAN-2016','DD-MON-RRRR'),'Sell',1);
Insert into TRADE (TRADENO,HOLDNO,TRDQTY,TRDPRICE,TRDDATE,TRDTYPE,STATUSNO) values (106300,2087,2015,9.34,to_date('21-JAN-2016','DD-MON-RRRR'),'Buy',1);
Insert into TRADE (TRADENO,HOLDNO,TRDQTY,TRDPRICE,TRDDATE,TRDTYPE,STATUSNO) values (107715,2087,1939,2.84,to_date('26-JAN-2016','DD-MON-RRRR'),'Sell',1);
Insert into TRADE (TRADENO,HOLDNO,TRDQTY,TRDPRICE,TRDDATE,TRDTYPE,STATUSNO) values (103120,2087,43,13.78,to_date('10-JAN-2016','DD-MON-RRRR'),'Sell',1);
Insert into TRADE (TRADENO,HOLDNO,TRDQTY,TRDPRICE,TRDDATE,TRDTYPE,STATUSNO) values (104714,2087,293,9.16,to_date('15-JAN-2016','DD-MON-RRRR'),'Sell',1);
Insert into TRADE (TRADENO,HOLDNO,TRDQTY,TRDPRICE,TRDDATE,TRDTYPE,STATUSNO) values (104672,2094,260,18.57,to_date('15-JAN-2016','DD-MON-RRRR'),'Sell',1);
Insert into TRADE (TRADENO,HOLDNO,TRDQTY,TRDPRICE,TRDDATE,TRDTYPE,STATUSNO) values (105086,2096,752,4.5,to_date('16-JAN-2016','DD-MON-RRRR'),'Sell',1);
Insert into TRADE (TRADENO,HOLDNO,TRDQTY,TRDPRICE,TRDDATE,TRDTYPE,STATUSNO) values (103948,2100,1193,5.89,to_date('13-JAN-2016','DD-MON-RRRR'),'Buy',1);
Insert into TRADE (TRADENO,HOLDNO,TRDQTY,TRDPRICE,TRDDATE,TRDTYPE,STATUSNO) values (104809,2102,956,6.48,to_date('15-JAN-2016','DD-MON-RRRR'),'Buy',1);
Insert into TRADE (TRADENO,HOLDNO,TRDQTY,TRDPRICE,TRDDATE,TRDTYPE,STATUSNO) values (106599,2105,837,16.45,to_date('22-JAN-2016','DD-MON-RRRR'),'Buy',1);
Insert into TRADE (TRADENO,HOLDNO,TRDQTY,TRDPRICE,TRDDATE,TRDTYPE,STATUSNO) values (107726,2105,481,10.05,to_date('26-JAN-2016','DD-MON-RRRR'),'Buy',1);
Insert into TRADE (TRADENO,HOLDNO,TRDQTY,TRDPRICE,TRDDATE,TRDTYPE,STATUSNO) values (102775,2107,354,14.8,to_date('08-JAN-2016','DD-MON-RRRR'),'Buy',2);
Insert into TRADE (TRADENO,HOLDNO,TRDQTY,TRDPRICE,TRDDATE,TRDTYPE,STATUSNO) values (104043,2107,89,13.67,to_date('13-JAN-2016','DD-MON-RRRR'),'Sell',1);
Insert into TRADE (TRADENO,HOLDNO,TRDQTY,TRDPRICE,TRDDATE,TRDTYPE,STATUSNO) values (104479,2107,346,6.16,to_date('14-JAN-2016','DD-MON-RRRR'),'Buy',1);
Insert into TRADE (TRADENO,HOLDNO,TRDQTY,TRDPRICE,TRDDATE,TRDTYPE,STATUSNO) values (105662,2111,744,5.66,to_date('19-JAN-2016','DD-MON-RRRR'),'Buy',1);
Insert into TRADE (TRADENO,HOLDNO,TRDQTY,TRDPRICE,TRDDATE,TRDTYPE,STATUSNO) values (104572,2121,1724,12.93,to_date('15-JAN-2016','DD-MON-RRRR'),'Sell',1);
Insert into TRADE (TRADENO,HOLDNO,TRDQTY,TRDPRICE,TRDDATE,TRDTYPE,STATUSNO) values (107763,2144,627,19.21,to_date('26-JAN-2016','DD-MON-RRRR'),'Sell',2);
Insert into TRADE (TRADENO,HOLDNO,TRDQTY,TRDPRICE,TRDDATE,TRDTYPE,STATUSNO) values (106089,2145,1572,19.14,to_date('20-JAN-2016','DD-MON-RRRR'),'Sell',1);
Insert into TRADE (TRADENO,HOLDNO,TRDQTY,TRDPRICE,TRDDATE,TRDTYPE,STATUSNO) values (104245,2145,3987,18.85,to_date('13-JAN-2016','DD-MON-RRRR'),'Sell',1);
Insert into TRADE (TRADENO,HOLDNO,TRDQTY,TRDPRICE,TRDDATE,TRDTYPE,STATUSNO) values (104601,2149,466,1.87,to_date('15-JAN-2016','DD-MON-RRRR'),'Sell',2);
Insert into TRADE (TRADENO,HOLDNO,TRDQTY,TRDPRICE,TRDDATE,TRDTYPE,STATUSNO) values (104159,2172,1581,12.68,to_date('13-JAN-2016','DD-MON-RRRR'),'Sell',2);
Insert into TRADE (TRADENO,HOLDNO,TRDQTY,TRDPRICE,TRDDATE,TRDTYPE,STATUSNO) values (101031,2180,551,12.64,to_date('04-JAN-2016','DD-MON-RRRR'),'Sell',1);
Insert into TRADE (TRADENO,HOLDNO,TRDQTY,TRDPRICE,TRDDATE,TRDTYPE,STATUSNO) values (102848,2194,1016,2.55,to_date('08-JAN-2016','DD-MON-RRRR'),'Sell',1);
Insert into TRADE (TRADENO,HOLDNO,TRDQTY,TRDPRICE,TRDDATE,TRDTYPE,STATUSNO) values (100187,2196,919,17.72,to_date('01-JAN-2016','DD-MON-RRRR'),'Buy',2);
Insert into TRADE (TRADENO,HOLDNO,TRDQTY,TRDPRICE,TRDDATE,TRDTYPE,STATUSNO) values (109006,2201,307,17.16,to_date('31-JAN-2016','DD-MON-RRRR'),'Buy',1);
Insert into TRADE (TRADENO,HOLDNO,TRDQTY,TRDPRICE,TRDDATE,TRDTYPE,STATUSNO) values (103900,2201,632,10.31,to_date('13-JAN-2016','DD-MON-RRRR'),'Buy',3);
Insert into TRADE (TRADENO,HOLDNO,TRDQTY,TRDPRICE,TRDDATE,TRDTYPE,STATUSNO) values (103346,2202,1235,4.99,to_date('10-JAN-2016','DD-MON-RRRR'),'Buy',2);
Insert into TRADE (TRADENO,HOLDNO,TRDQTY,TRDPRICE,TRDDATE,TRDTYPE,STATUSNO) values (106171,2220,2583,12.62,to_date('20-JAN-2016','DD-MON-RRRR'),'Sell',1);
Insert into TRADE (TRADENO,HOLDNO,TRDQTY,TRDPRICE,TRDDATE,TRDTYPE,STATUSNO) values (103915,2220,3399,17.76,to_date('13-JAN-2016','DD-MON-RRRR'),'Buy',1);
Insert into TRADE (TRADENO,HOLDNO,TRDQTY,TRDPRICE,TRDDATE,TRDTYPE,STATUSNO) values (105146,2223,2560,15.84,to_date('16-JAN-2016','DD-MON-RRRR'),'Buy',1);
Insert into TRADE (TRADENO,HOLDNO,TRDQTY,TRDPRICE,TRDDATE,TRDTYPE,STATUSNO) values (108229,2239,987,17.23,to_date('28-JAN-2016','DD-MON-RRRR'),'Sell',1);
Insert into TRADE (TRADENO,HOLDNO,TRDQTY,TRDPRICE,TRDDATE,TRDTYPE,STATUSNO) values (104220,2239,72,6.25,to_date('13-JAN-2016','DD-MON-RRRR'),'Sell',1);
Insert into TRADE (TRADENO,HOLDNO,TRDQTY,TRDPRICE,TRDDATE,TRDTYPE,STATUSNO) values (107921,2241,809,9.41,to_date('27-JAN-2016','DD-MON-RRRR'),'Sell',1);
Insert into TRADE (TRADENO,HOLDNO,TRDQTY,TRDPRICE,TRDDATE,TRDTYPE,STATUSNO) values (106518,2246,374,4.75,to_date('22-JAN-2016','DD-MON-RRRR'),'Sell',1);
Insert into TRADE (TRADENO,HOLDNO,TRDQTY,TRDPRICE,TRDDATE,TRDTYPE,STATUSNO) values (106565,2249,2284,19.52,to_date('22-JAN-2016','DD-MON-RRRR'),'Buy',1);
Insert into TRADE (TRADENO,HOLDNO,TRDQTY,TRDPRICE,TRDDATE,TRDTYPE,STATUSNO) values (101096,2249,518,7.23,to_date('04-JAN-2016','DD-MON-RRRR'),'Buy',1);
Insert into TRADE (TRADENO,HOLDNO,TRDQTY,TRDPRICE,TRDDATE,TRDTYPE,STATUSNO) values (100711,2249,530,4.6,to_date('03-JAN-2016','DD-MON-RRRR'),'Sell',1);
Insert into TRADE (TRADENO,HOLDNO,TRDQTY,TRDPRICE,TRDDATE,TRDTYPE,STATUSNO) values (103808,2250,104,3.66,to_date('12-JAN-2016','DD-MON-RRRR'),'Sell',3);
Insert into TRADE (TRADENO,HOLDNO,TRDQTY,TRDPRICE,TRDDATE,TRDTYPE,STATUSNO) values (102931,2260,1210,19.22,to_date('09-JAN-2016','DD-MON-RRRR'),'Sell',2);
Insert into TRADE (TRADENO,HOLDNO,TRDQTY,TRDPRICE,TRDDATE,TRDTYPE,STATUSNO) values (104927,2260,902,8.67,to_date('15-JAN-2016','DD-MON-RRRR'),'Buy',1);
Insert into TRADE (TRADENO,HOLDNO,TRDQTY,TRDPRICE,TRDDATE,TRDTYPE,STATUSNO) values (102163,2270,745,10.6,to_date('06-JAN-2016','DD-MON-RRRR'),'Buy',1);
Insert into TRADE (TRADENO,HOLDNO,TRDQTY,TRDPRICE,TRDDATE,TRDTYPE,STATUSNO) values (103611,2270,414,6.9,to_date('11-JAN-2016','DD-MON-RRRR'),'Sell',3);
Insert into TRADE (TRADENO,HOLDNO,TRDQTY,TRDPRICE,TRDDATE,TRDTYPE,STATUSNO) values (109214,2283,310,5.76,to_date('31-JAN-2016','DD-MON-RRRR'),'Buy',1);
Insert into TRADE (TRADENO,HOLDNO,TRDQTY,TRDPRICE,TRDDATE,TRDTYPE,STATUSNO) values (107879,2286,1890,15.13,to_date('27-JAN-2016','DD-MON-RRRR'),'Buy',1);
Insert into TRADE (TRADENO,HOLDNO,TRDQTY,TRDPRICE,TRDDATE,TRDTYPE,STATUSNO) values (101346,2304,2913,11.42,to_date('04-JAN-2016','DD-MON-RRRR'),'Buy',1);
Insert into TRADE (TRADENO,HOLDNO,TRDQTY,TRDPRICE,TRDDATE,TRDTYPE,STATUSNO) values (108612,2305,2421,3.28,to_date('30-JAN-2016','DD-MON-RRRR'),'Buy',1);
Insert into TRADE (TRADENO,HOLDNO,TRDQTY,TRDPRICE,TRDDATE,TRDTYPE,STATUSNO) values (100123,2312,1366,12.41,to_date('01-JAN-2016','DD-MON-RRRR'),'Buy',1);
Insert into TRADE (TRADENO,HOLDNO,TRDQTY,TRDPRICE,TRDDATE,TRDTYPE,STATUSNO) values (102776,2312,1681,13.04,to_date('08-JAN-2016','DD-MON-RRRR'),'Sell',1);
Insert into TRADE (TRADENO,HOLDNO,TRDQTY,TRDPRICE,TRDDATE,TRDTYPE,STATUSNO) values (107060,2330,240,1.44,to_date('24-JAN-2016','DD-MON-RRRR'),'Sell',1);
Insert into TRADE (TRADENO,HOLDNO,TRDQTY,TRDPRICE,TRDDATE,TRDTYPE,STATUSNO) values (102046,2336,1785,1.05,to_date('06-JAN-2016','DD-MON-RRRR'),'Buy',2);
Insert into TRADE (TRADENO,HOLDNO,TRDQTY,TRDPRICE,TRDDATE,TRDTYPE,STATUSNO) values (104344,2336,2323,9.9,to_date('14-JAN-2016','DD-MON-RRRR'),'Buy',1);
Insert into TRADE (TRADENO,HOLDNO,TRDQTY,TRDPRICE,TRDDATE,TRDTYPE,STATUSNO) values (107152,2338,2237,1.96,to_date('25-JAN-2016','DD-MON-RRRR'),'Buy',3);
Insert into TRADE (TRADENO,HOLDNO,TRDQTY,TRDPRICE,TRDDATE,TRDTYPE,STATUSNO) values (106845,2343,344,12.03,to_date('23-JAN-2016','DD-MON-RRRR'),'Sell',1);
Insert into TRADE (TRADENO,HOLDNO,TRDQTY,TRDPRICE,TRDDATE,TRDTYPE,STATUSNO) values (103207,2343,435,1.54,to_date('10-JAN-2016','DD-MON-RRRR'),'Buy',1);
Insert into TRADE (TRADENO,HOLDNO,TRDQTY,TRDPRICE,TRDDATE,TRDTYPE,STATUSNO) values (107002,2357,4313,8.04,to_date('24-JAN-2016','DD-MON-RRRR'),'Buy',1);
Insert into TRADE (TRADENO,HOLDNO,TRDQTY,TRDPRICE,TRDDATE,TRDTYPE,STATUSNO) values (103525,2357,1005,17.26,to_date('11-JAN-2016','DD-MON-RRRR'),'Buy',1);
Insert into TRADE (TRADENO,HOLDNO,TRDQTY,TRDPRICE,TRDDATE,TRDTYPE,STATUSNO) values (107819,2362,840,4.34,to_date('27-JAN-2016','DD-MON-RRRR'),'Sell',3);
Insert into TRADE (TRADENO,HOLDNO,TRDQTY,TRDPRICE,TRDDATE,TRDTYPE,STATUSNO) values (105349,2364,451,12.43,to_date('17-JAN-2016','DD-MON-RRRR'),'Buy',2);
Insert into TRADE (TRADENO,HOLDNO,TRDQTY,TRDPRICE,TRDDATE,TRDTYPE,STATUSNO) values (100725,2366,361,2.86,to_date('03-JAN-2016','DD-MON-RRRR'),'Sell',1);
Insert into TRADE (TRADENO,HOLDNO,TRDQTY,TRDPRICE,TRDDATE,TRDTYPE,STATUSNO) values (102657,2366,234,6.65,to_date('08-JAN-2016','DD-MON-RRRR'),'Sell',2);
Insert into TRADE (TRADENO,HOLDNO,TRDQTY,TRDPRICE,TRDDATE,TRDTYPE,STATUSNO) values (102789,2392,275,2.79,to_date('08-JAN-2016','DD-MON-RRRR'),'Buy',1);
Insert into TRADE (TRADENO,HOLDNO,TRDQTY,TRDPRICE,TRDDATE,TRDTYPE,STATUSNO) values (108356,2398,1793,14,to_date('29-JAN-2016','DD-MON-RRRR'),'Buy',1);
Insert into TRADE (TRADENO,HOLDNO,TRDQTY,TRDPRICE,TRDDATE,TRDTYPE,STATUSNO) values (106408,2399,265,2.99,to_date('22-JAN-2016','DD-MON-RRRR'),'Buy',1);
Insert into TRADE (TRADENO,HOLDNO,TRDQTY,TRDPRICE,TRDDATE,TRDTYPE,STATUSNO) values (108793,2399,940,12.78,to_date('30-JAN-2016','DD-MON-RRRR'),'Sell',1);
Insert into TRADE (TRADENO,HOLDNO,TRDQTY,TRDPRICE,TRDDATE,TRDTYPE,STATUSNO) values (106252,2401,1561,5.07,to_date('21-JAN-2016','DD-MON-RRRR'),'Sell',1);
Insert into TRADE (TRADENO,HOLDNO,TRDQTY,TRDPRICE,TRDDATE,TRDTYPE,STATUSNO) values (108844,2401,921,15.74,to_date('30-JAN-2016','DD-MON-RRRR'),'Buy',1);
Insert into TRADE (TRADENO,HOLDNO,TRDQTY,TRDPRICE,TRDDATE,TRDTYPE,STATUSNO) values (102326,2406,1480,17.79,to_date('06-JAN-2016','DD-MON-RRRR'),'Buy',2);
Insert into TRADE (TRADENO,HOLDNO,TRDQTY,TRDPRICE,TRDDATE,TRDTYPE,STATUSNO) values (102686,2406,525,4.77,to_date('08-JAN-2016','DD-MON-RRRR'),'Sell',3);
Insert into TRADE (TRADENO,HOLDNO,TRDQTY,TRDPRICE,TRDDATE,TRDTYPE,STATUSNO) values (106829,2407,1658,13.93,to_date('23-JAN-2016','DD-MON-RRRR'),'Buy',3);
Insert into TRADE (TRADENO,HOLDNO,TRDQTY,TRDPRICE,TRDDATE,TRDTYPE,STATUSNO) values (105476,2407,2071,18.29,to_date('18-JAN-2016','DD-MON-RRRR'),'Buy',2);
Insert into TRADE (TRADENO,HOLDNO,TRDQTY,TRDPRICE,TRDDATE,TRDTYPE,STATUSNO) values (108928,2409,19,19.82,to_date('31-JAN-2016','DD-MON-RRRR'),'Sell',1);
Insert into TRADE (TRADENO,HOLDNO,TRDQTY,TRDPRICE,TRDDATE,TRDTYPE,STATUSNO) values (102627,2409,152,16.42,to_date('08-JAN-2016','DD-MON-RRRR'),'Buy',1);
Insert into TRADE (TRADENO,HOLDNO,TRDQTY,TRDPRICE,TRDDATE,TRDTYPE,STATUSNO) values (104423,2409,76,5.34,to_date('14-JAN-2016','DD-MON-RRRR'),'Buy',2);
Insert into TRADE (TRADENO,HOLDNO,TRDQTY,TRDPRICE,TRDDATE,TRDTYPE,STATUSNO) values (104926,2413,1731,13.77,to_date('15-JAN-2016','DD-MON-RRRR'),'Buy',3);
Insert into TRADE (TRADENO,HOLDNO,TRDQTY,TRDPRICE,TRDDATE,TRDTYPE,STATUSNO) values (102367,2414,513,8.47,to_date('07-JAN-2016','DD-MON-RRRR'),'Sell',2);
Insert into TRADE (TRADENO,HOLDNO,TRDQTY,TRDPRICE,TRDDATE,TRDTYPE,STATUSNO) values (107304,2416,1147,15.76,to_date('25-JAN-2016','DD-MON-RRRR'),'Sell',2);
Insert into TRADE (TRADENO,HOLDNO,TRDQTY,TRDPRICE,TRDDATE,TRDTYPE,STATUSNO) values (100812,2416,1205,8.99,to_date('03-JAN-2016','DD-MON-RRRR'),'Sell',1);
Insert into TRADE (TRADENO,HOLDNO,TRDQTY,TRDPRICE,TRDDATE,TRDTYPE,STATUSNO) values (108645,2418,1738,9.09,to_date('30-JAN-2016','DD-MON-RRRR'),'Sell',2);
Insert into TRADE (TRADENO,HOLDNO,TRDQTY,TRDPRICE,TRDDATE,TRDTYPE,STATUSNO) values (100596,2418,569,12.09,to_date('02-JAN-2016','DD-MON-RRRR'),'Sell',2);
Insert into TRADE (TRADENO,HOLDNO,TRDQTY,TRDPRICE,TRDDATE,TRDTYPE,STATUSNO) values (100021,2419,2662,7,to_date('01-JAN-2016','DD-MON-RRRR'),'Buy',2);
Insert into TRADE (TRADENO,HOLDNO,TRDQTY,TRDPRICE,TRDDATE,TRDTYPE,STATUSNO) values (109203,2422,1938,5.28,to_date('31-JAN-2016','DD-MON-RRRR'),'Sell',1);
Insert into TRADE (TRADENO,HOLDNO,TRDQTY,TRDPRICE,TRDDATE,TRDTYPE,STATUSNO) values (100034,2441,344,10.01,to_date('01-JAN-2016','DD-MON-RRRR'),'Sell',1);
Insert into TRADE (TRADENO,HOLDNO,TRDQTY,TRDPRICE,TRDDATE,TRDTYPE,STATUSNO) values (103370,2444,202,9.4,to_date('10-JAN-2016','DD-MON-RRRR'),'Buy',1);
Insert into TRADE (TRADENO,HOLDNO,TRDQTY,TRDPRICE,TRDDATE,TRDTYPE,STATUSNO) values (102148,2454,1947,16.4,to_date('06-JAN-2016','DD-MON-RRRR'),'Buy',1);
Insert into TRADE (TRADENO,HOLDNO,TRDQTY,TRDPRICE,TRDDATE,TRDTYPE,STATUSNO) values (106096,2457,292,2.53,to_date('20-JAN-2016','DD-MON-RRRR'),'Sell',1);
Insert into TRADE (TRADENO,HOLDNO,TRDQTY,TRDPRICE,TRDDATE,TRDTYPE,STATUSNO) values (108201,2457,1557,8.66,to_date('28-JAN-2016','DD-MON-RRRR'),'Sell',1);
Insert into TRADE (TRADENO,HOLDNO,TRDQTY,TRDPRICE,TRDDATE,TRDTYPE,STATUSNO) values (104318,2472,1364,11.02,to_date('13-JAN-2016','DD-MON-RRRR'),'Sell',1);
Insert into TRADE (TRADENO,HOLDNO,TRDQTY,TRDPRICE,TRDDATE,TRDTYPE,STATUSNO) values (100947,2477,613,13.75,to_date('03-JAN-2016','DD-MON-RRRR'),'Sell',1);
Insert into TRADE (TRADENO,HOLDNO,TRDQTY,TRDPRICE,TRDDATE,TRDTYPE,STATUSNO) values (100754,2477,236,17.58,to_date('03-JAN-2016','DD-MON-RRRR'),'Sell',1);
Insert into TRADE (TRADENO,HOLDNO,TRDQTY,TRDPRICE,TRDDATE,TRDTYPE,STATUSNO) values (104425,2477,538,18.75,to_date('14-JAN-2016','DD-MON-RRRR'),'Sell',1);
Insert into TRADE (TRADENO,HOLDNO,TRDQTY,TRDPRICE,TRDDATE,TRDTYPE,STATUSNO) values (104487,2483,969,2.44,to_date('14-JAN-2016','DD-MON-RRRR'),'Sell',1);
Insert into TRADE (TRADENO,HOLDNO,TRDQTY,TRDPRICE,TRDDATE,TRDTYPE,STATUSNO) values (109037,2484,847,14.53,to_date('31-JAN-2016','DD-MON-RRRR'),'Buy',3);
Insert into TRADE (TRADENO,HOLDNO,TRDQTY,TRDPRICE,TRDDATE,TRDTYPE,STATUSNO) values (100824,2494,78,5.26,to_date('03-JAN-2016','DD-MON-RRRR'),'Buy',1);
Insert into TRADE (TRADENO,HOLDNO,TRDQTY,TRDPRICE,TRDDATE,TRDTYPE,STATUSNO) values (103445,2494,50,7.4,to_date('11-JAN-2016','DD-MON-RRRR'),'Sell',1);
Insert into TRADE (TRADENO,HOLDNO,TRDQTY,TRDPRICE,TRDDATE,TRDTYPE,STATUSNO) values (108659,2499,245,5.18,to_date('30-JAN-2016','DD-MON-RRRR'),'Sell',1);
Insert into TRADE (TRADENO,HOLDNO,TRDQTY,TRDPRICE,TRDDATE,TRDTYPE,STATUSNO) values (101886,2499,1069,8.41,to_date('05-JAN-2016','DD-MON-RRRR'),'Sell',1);
Insert into TRADE (TRADENO,HOLDNO,TRDQTY,TRDPRICE,TRDDATE,TRDTYPE,STATUSNO) values (105680,2502,751,7.42,to_date('19-JAN-2016','DD-MON-RRRR'),'Sell',2);
Insert into TRADE (TRADENO,HOLDNO,TRDQTY,TRDPRICE,TRDDATE,TRDTYPE,STATUSNO) values (105323,2502,3010,2.41,to_date('17-JAN-2016','DD-MON-RRRR'),'Sell',1);
Insert into TRADE (TRADENO,HOLDNO,TRDQTY,TRDPRICE,TRDDATE,TRDTYPE,STATUSNO) values (104349,2520,1509,3,to_date('14-JAN-2016','DD-MON-RRRR'),'Buy',1);
Insert into TRADE (TRADENO,HOLDNO,TRDQTY,TRDPRICE,TRDDATE,TRDTYPE,STATUSNO) values (108068,2523,1601,4.04,to_date('27-JAN-2016','DD-MON-RRRR'),'Sell',3);
Insert into TRADE (TRADENO,HOLDNO,TRDQTY,TRDPRICE,TRDDATE,TRDTYPE,STATUSNO) values (105067,2523,1001,5.11,to_date('16-JAN-2016','DD-MON-RRRR'),'Buy',1);
Insert into TRADE (TRADENO,HOLDNO,TRDQTY,TRDPRICE,TRDDATE,TRDTYPE,STATUSNO) values (108904,2537,321,5.01,to_date('30-JAN-2016','DD-MON-RRRR'),'Buy',1);
Insert into TRADE (TRADENO,HOLDNO,TRDQTY,TRDPRICE,TRDDATE,TRDTYPE,STATUSNO) values (100258,2542,2799,4.47,to_date('01-JAN-2016','DD-MON-RRRR'),'Buy',1);
Insert into TRADE (TRADENO,HOLDNO,TRDQTY,TRDPRICE,TRDDATE,TRDTYPE,STATUSNO) values (101462,2547,1889,14.37,to_date('04-JAN-2016','DD-MON-RRRR'),'Sell',1);
Insert into TRADE (TRADENO,HOLDNO,TRDQTY,TRDPRICE,TRDDATE,TRDTYPE,STATUSNO) values (101458,2557,1376,15.63,to_date('04-JAN-2016','DD-MON-RRRR'),'Sell',3);
Insert into TRADE (TRADENO,HOLDNO,TRDQTY,TRDPRICE,TRDDATE,TRDTYPE,STATUSNO) values (100544,2558,759,9.96,to_date('02-JAN-2016','DD-MON-RRRR'),'Buy',1);
Insert into TRADE (TRADENO,HOLDNO,TRDQTY,TRDPRICE,TRDDATE,TRDTYPE,STATUSNO) values (101111,2573,3213,7.09,to_date('04-JAN-2016','DD-MON-RRRR'),'Buy',2);
Insert into TRADE (TRADENO,HOLDNO,TRDQTY,TRDPRICE,TRDDATE,TRDTYPE,STATUSNO) values (102926,2573,2573,12.84,to_date('09-JAN-2016','DD-MON-RRRR'),'Buy',2);
Insert into TRADE (TRADENO,HOLDNO,TRDQTY,TRDPRICE,TRDDATE,TRDTYPE,STATUSNO) values (103760,2573,723,12.41,to_date('11-JAN-2016','DD-MON-RRRR'),'Sell',2);
Insert into TRADE (TRADENO,HOLDNO,TRDQTY,TRDPRICE,TRDDATE,TRDTYPE,STATUSNO) values (104727,2573,1223,17.59,to_date('15-JAN-2016','DD-MON-RRRR'),'Sell',1);
Insert into TRADE (TRADENO,HOLDNO,TRDQTY,TRDPRICE,TRDDATE,TRDTYPE,STATUSNO) values (106648,2578,64,18.9,to_date('23-JAN-2016','DD-MON-RRRR'),'Sell',1);
Insert into TRADE (TRADENO,HOLDNO,TRDQTY,TRDPRICE,TRDDATE,TRDTYPE,STATUSNO) values (102365,2578,45,16.5,to_date('07-JAN-2016','DD-MON-RRRR'),'Buy',1);
Insert into TRADE (TRADENO,HOLDNO,TRDQTY,TRDPRICE,TRDDATE,TRDTYPE,STATUSNO) values (105308,2587,291,9.68,to_date('17-JAN-2016','DD-MON-RRRR'),'Buy',1);
Insert into TRADE (TRADENO,HOLDNO,TRDQTY,TRDPRICE,TRDDATE,TRDTYPE,STATUSNO) values (100232,2588,344,19.68,to_date('01-JAN-2016','DD-MON-RRRR'),'Sell',1);
Insert into TRADE (TRADENO,HOLDNO,TRDQTY,TRDPRICE,TRDDATE,TRDTYPE,STATUSNO) values (104711,2588,627,2.97,to_date('15-JAN-2016','DD-MON-RRRR'),'Sell',1);
Insert into TRADE (TRADENO,HOLDNO,TRDQTY,TRDPRICE,TRDDATE,TRDTYPE,STATUSNO) values (101532,2606,1630,6.27,to_date('05-JAN-2016','DD-MON-RRRR'),'Sell',1);
Insert into TRADE (TRADENO,HOLDNO,TRDQTY,TRDPRICE,TRDDATE,TRDTYPE,STATUSNO) values (103696,2606,81,7.73,to_date('11-JAN-2016','DD-MON-RRRR'),'Sell',2);
Insert into TRADE (TRADENO,HOLDNO,TRDQTY,TRDPRICE,TRDDATE,TRDTYPE,STATUSNO) values (106616,2609,79,10.63,to_date('22-JAN-2016','DD-MON-RRRR'),'Buy',1);
Insert into TRADE (TRADENO,HOLDNO,TRDQTY,TRDPRICE,TRDDATE,TRDTYPE,STATUSNO) values (104241,2609,162,13.92,to_date('13-JAN-2016','DD-MON-RRRR'),'Buy',2);
Insert into TRADE (TRADENO,HOLDNO,TRDQTY,TRDPRICE,TRDDATE,TRDTYPE,STATUSNO) values (106684,2620,4028,5.52,to_date('23-JAN-2016','DD-MON-RRRR'),'Sell',2);
Insert into TRADE (TRADENO,HOLDNO,TRDQTY,TRDPRICE,TRDDATE,TRDTYPE,STATUSNO) values (105726,2620,702,9.07,to_date('19-JAN-2016','DD-MON-RRRR'),'Sell',1);
Insert into TRADE (TRADENO,HOLDNO,TRDQTY,TRDPRICE,TRDDATE,TRDTYPE,STATUSNO) values (107617,2620,4313,16.49,to_date('26-JAN-2016','DD-MON-RRRR'),'Sell',3);
Insert into TRADE (TRADENO,HOLDNO,TRDQTY,TRDPRICE,TRDDATE,TRDTYPE,STATUSNO) values (102206,2623,203,11.91,to_date('06-JAN-2016','DD-MON-RRRR'),'Buy',1);
Insert into TRADE (TRADENO,HOLDNO,TRDQTY,TRDPRICE,TRDDATE,TRDTYPE,STATUSNO) values (100835,2631,1600,17.08,to_date('03-JAN-2016','DD-MON-RRRR'),'Sell',1);
Insert into TRADE (TRADENO,HOLDNO,TRDQTY,TRDPRICE,TRDDATE,TRDTYPE,STATUSNO) values (105554,2636,1840,15.86,to_date('18-JAN-2016','DD-MON-RRRR'),'Sell',1);
Insert into TRADE (TRADENO,HOLDNO,TRDQTY,TRDPRICE,TRDDATE,TRDTYPE,STATUSNO) values (107342,2645,317,16.01,to_date('25-JAN-2016','DD-MON-RRRR'),'Buy',3);
Insert into TRADE (TRADENO,HOLDNO,TRDQTY,TRDPRICE,TRDDATE,TRDTYPE,STATUSNO) values (106685,2646,1278,10.01,to_date('23-JAN-2016','DD-MON-RRRR'),'Buy',2);
Insert into TRADE (TRADENO,HOLDNO,TRDQTY,TRDPRICE,TRDDATE,TRDTYPE,STATUSNO) values (107863,2646,4017,5.54,to_date('27-JAN-2016','DD-MON-RRRR'),'Buy',1);
Insert into TRADE (TRADENO,HOLDNO,TRDQTY,TRDPRICE,TRDDATE,TRDTYPE,STATUSNO) values (108313,2646,1765,3.01,to_date('28-JAN-2016','DD-MON-RRRR'),'Buy',1);
Insert into TRADE (TRADENO,HOLDNO,TRDQTY,TRDPRICE,TRDDATE,TRDTYPE,STATUSNO) values (101378,2646,3282,17.91,to_date('04-JAN-2016','DD-MON-RRRR'),'Buy',2);
Insert into TRADE (TRADENO,HOLDNO,TRDQTY,TRDPRICE,TRDDATE,TRDTYPE,STATUSNO) values (102356,2646,1776,18.29,to_date('06-JAN-2016','DD-MON-RRRR'),'Sell',2);
Insert into TRADE (TRADENO,HOLDNO,TRDQTY,TRDPRICE,TRDDATE,TRDTYPE,STATUSNO) values (100242,2653,1920,10.84,to_date('01-JAN-2016','DD-MON-RRRR'),'Sell',1);
Insert into TRADE (TRADENO,HOLDNO,TRDQTY,TRDPRICE,TRDDATE,TRDTYPE,STATUSNO) values (104556,2653,2005,9.63,to_date('15-JAN-2016','DD-MON-RRRR'),'Sell',3);
Insert into TRADE (TRADENO,HOLDNO,TRDQTY,TRDPRICE,TRDDATE,TRDTYPE,STATUSNO) values (103860,2657,1460,2.42,to_date('12-JAN-2016','DD-MON-RRRR'),'Buy',1);
Insert into TRADE (TRADENO,HOLDNO,TRDQTY,TRDPRICE,TRDDATE,TRDTYPE,STATUSNO) values (107475,2665,2863,2.1,to_date('26-JAN-2016','DD-MON-RRRR'),'Buy',1);
Insert into TRADE (TRADENO,HOLDNO,TRDQTY,TRDPRICE,TRDDATE,TRDTYPE,STATUSNO) values (102388,2665,882,3.65,to_date('07-JAN-2016','DD-MON-RRRR'),'Sell',3);
Insert into TRADE (TRADENO,HOLDNO,TRDQTY,TRDPRICE,TRDDATE,TRDTYPE,STATUSNO) values (101061,2671,139,18.29,to_date('04-JAN-2016','DD-MON-RRRR'),'Sell',1);
Insert into TRADE (TRADENO,HOLDNO,TRDQTY,TRDPRICE,TRDDATE,TRDTYPE,STATUSNO) values (103505,2688,987,6.24,to_date('11-JAN-2016','DD-MON-RRRR'),'Buy',1);
Insert into TRADE (TRADENO,HOLDNO,TRDQTY,TRDPRICE,TRDDATE,TRDTYPE,STATUSNO) values (100674,2697,576,4.97,to_date('03-JAN-2016','DD-MON-RRRR'),'Buy',1);
Insert into TRADE (TRADENO,HOLDNO,TRDQTY,TRDPRICE,TRDDATE,TRDTYPE,STATUSNO) values (108076,2700,1330,15.71,to_date('27-JAN-2016','DD-MON-RRRR'),'Sell',1);
Insert into TRADE (TRADENO,HOLDNO,TRDQTY,TRDPRICE,TRDDATE,TRDTYPE,STATUSNO) values (104876,2719,640,10.18,to_date('15-JAN-2016','DD-MON-RRRR'),'Buy',1);
Insert into TRADE (TRADENO,HOLDNO,TRDQTY,TRDPRICE,TRDDATE,TRDTYPE,STATUSNO) values (103179,2731,1222,12.22,to_date('10-JAN-2016','DD-MON-RRRR'),'Sell',1);
Insert into TRADE (TRADENO,HOLDNO,TRDQTY,TRDPRICE,TRDDATE,TRDTYPE,STATUSNO) values (108968,2740,819,16.23,to_date('31-JAN-2016','DD-MON-RRRR'),'Buy',1);
Insert into TRADE (TRADENO,HOLDNO,TRDQTY,TRDPRICE,TRDDATE,TRDTYPE,STATUSNO) values (102427,2740,609,12.36,to_date('07-JAN-2016','DD-MON-RRRR'),'Buy',2);
Insert into TRADE (TRADENO,HOLDNO,TRDQTY,TRDPRICE,TRDDATE,TRDTYPE,STATUSNO) values (106581,2749,2685,5.79,to_date('22-JAN-2016','DD-MON-RRRR'),'Buy',1);
Insert into TRADE (TRADENO,HOLDNO,TRDQTY,TRDPRICE,TRDDATE,TRDTYPE,STATUSNO) values (105239,2749,1013,11.22,to_date('16-JAN-2016','DD-MON-RRRR'),'Buy',1);
Insert into TRADE (TRADENO,HOLDNO,TRDQTY,TRDPRICE,TRDDATE,TRDTYPE,STATUSNO) values (101025,2750,103,4.03,to_date('04-JAN-2016','DD-MON-RRRR'),'Sell',1);
Insert into TRADE (TRADENO,HOLDNO,TRDQTY,TRDPRICE,TRDDATE,TRDTYPE,STATUSNO) values (100051,2752,3593,11.95,to_date('01-JAN-2016','DD-MON-RRRR'),'Sell',2);
Insert into TRADE (TRADENO,HOLDNO,TRDQTY,TRDPRICE,TRDDATE,TRDTYPE,STATUSNO) values (107922,2769,3392,10.81,to_date('27-JAN-2016','DD-MON-RRRR'),'Buy',1);
Insert into TRADE (TRADENO,HOLDNO,TRDQTY,TRDPRICE,TRDDATE,TRDTYPE,STATUSNO) values (109225,2769,1053,1.58,to_date('31-JAN-2016','DD-MON-RRRR'),'Buy',1);
Insert into TRADE (TRADENO,HOLDNO,TRDQTY,TRDPRICE,TRDDATE,TRDTYPE,STATUSNO) values (101422,2769,1950,13.93,to_date('04-JAN-2016','DD-MON-RRRR'),'Sell',1);
Insert into TRADE (TRADENO,HOLDNO,TRDQTY,TRDPRICE,TRDDATE,TRDTYPE,STATUSNO) values (101685,2774,2505,17.09,to_date('05-JAN-2016','DD-MON-RRRR'),'Sell',2);
Insert into TRADE (TRADENO,HOLDNO,TRDQTY,TRDPRICE,TRDDATE,TRDTYPE,STATUSNO) values (103618,2775,218,6.18,to_date('11-JAN-2016','DD-MON-RRRR'),'Buy',1);
Insert into TRADE (TRADENO,HOLDNO,TRDQTY,TRDPRICE,TRDDATE,TRDTYPE,STATUSNO) values (106796,2777,1455,11.22,to_date('23-JAN-2016','DD-MON-RRRR'),'Buy',3);
Insert into TRADE (TRADENO,HOLDNO,TRDQTY,TRDPRICE,TRDDATE,TRDTYPE,STATUSNO) values (107816,2779,562,4.46,to_date('27-JAN-2016','DD-MON-RRRR'),'Buy',2);
Insert into TRADE (TRADENO,HOLDNO,TRDQTY,TRDPRICE,TRDDATE,TRDTYPE,STATUSNO) values (102939,2779,30,17.04,to_date('09-JAN-2016','DD-MON-RRRR'),'Buy',2);
Insert into TRADE (TRADENO,HOLDNO,TRDQTY,TRDPRICE,TRDDATE,TRDTYPE,STATUSNO) values (106429,2780,61,8.35,to_date('22-JAN-2016','DD-MON-RRRR'),'Buy',1);
Insert into TRADE (TRADENO,HOLDNO,TRDQTY,TRDPRICE,TRDDATE,TRDTYPE,STATUSNO) values (100996,2782,3300,10.84,to_date('03-JAN-2016','DD-MON-RRRR'),'Buy',1);
Insert into TRADE (TRADENO,HOLDNO,TRDQTY,TRDPRICE,TRDDATE,TRDTYPE,STATUSNO) values (102937,2782,2319,17.18,to_date('09-JAN-2016','DD-MON-RRRR'),'Buy',1);
Insert into TRADE (TRADENO,HOLDNO,TRDQTY,TRDPRICE,TRDDATE,TRDTYPE,STATUSNO) values (105475,2783,414,11.86,to_date('18-JAN-2016','DD-MON-RRRR'),'Sell',1);
Insert into TRADE (TRADENO,HOLDNO,TRDQTY,TRDPRICE,TRDDATE,TRDTYPE,STATUSNO) values (109029,2783,92,5.94,to_date('31-JAN-2016','DD-MON-RRRR'),'Buy',3);
Insert into TRADE (TRADENO,HOLDNO,TRDQTY,TRDPRICE,TRDDATE,TRDTYPE,STATUSNO) values (108404,2783,265,18.73,to_date('29-JAN-2016','DD-MON-RRRR'),'Sell',1);
Insert into TRADE (TRADENO,HOLDNO,TRDQTY,TRDPRICE,TRDDATE,TRDTYPE,STATUSNO) values (107223,2793,1926,1.94,to_date('25-JAN-2016','DD-MON-RRRR'),'Sell',1);
Insert into TRADE (TRADENO,HOLDNO,TRDQTY,TRDPRICE,TRDDATE,TRDTYPE,STATUSNO) values (108174,2793,2003,9.81,to_date('28-JAN-2016','DD-MON-RRRR'),'Buy',1);
Insert into TRADE (TRADENO,HOLDNO,TRDQTY,TRDPRICE,TRDDATE,TRDTYPE,STATUSNO) values (107018,2803,1172,12.62,to_date('24-JAN-2016','DD-MON-RRRR'),'Buy',1);
Insert into TRADE (TRADENO,HOLDNO,TRDQTY,TRDPRICE,TRDDATE,TRDTYPE,STATUSNO) values (101576,2832,859,18.19,to_date('05-JAN-2016','DD-MON-RRRR'),'Sell',1);
Insert into TRADE (TRADENO,HOLDNO,TRDQTY,TRDPRICE,TRDDATE,TRDTYPE,STATUSNO) values (108908,2840,306,2.93,to_date('30-JAN-2016','DD-MON-RRRR'),'Buy',2);
Insert into TRADE (TRADENO,HOLDNO,TRDQTY,TRDPRICE,TRDDATE,TRDTYPE,STATUSNO) values (107911,2846,1343,9.75,to_date('27-JAN-2016','DD-MON-RRRR'),'Sell',1);
Insert into TRADE (TRADENO,HOLDNO,TRDQTY,TRDPRICE,TRDDATE,TRDTYPE,STATUSNO) values (103673,2848,1231,7.31,to_date('11-JAN-2016','DD-MON-RRRR'),'Sell',1);
Insert into TRADE (TRADENO,HOLDNO,TRDQTY,TRDPRICE,TRDDATE,TRDTYPE,STATUSNO) values (104779,2848,756,13.95,to_date('15-JAN-2016','DD-MON-RRRR'),'Buy',2);
Insert into TRADE (TRADENO,HOLDNO,TRDQTY,TRDPRICE,TRDDATE,TRDTYPE,STATUSNO) values (105419,2850,332,15.18,to_date('17-JAN-2016','DD-MON-RRRR'),'Buy',1);
Insert into TRADE (TRADENO,HOLDNO,TRDQTY,TRDPRICE,TRDDATE,TRDTYPE,STATUSNO) values (105582,2856,2936,11.41,to_date('18-JAN-2016','DD-MON-RRRR'),'Sell',1);
Insert into TRADE (TRADENO,HOLDNO,TRDQTY,TRDPRICE,TRDDATE,TRDTYPE,STATUSNO) values (101701,2856,87,7.37,to_date('05-JAN-2016','DD-MON-RRRR'),'Buy',1);
Insert into TRADE (TRADENO,HOLDNO,TRDQTY,TRDPRICE,TRDDATE,TRDTYPE,STATUSNO) values (106328,2862,109,14.34,to_date('21-JAN-2016','DD-MON-RRRR'),'Sell',1);
Insert into TRADE (TRADENO,HOLDNO,TRDQTY,TRDPRICE,TRDDATE,TRDTYPE,STATUSNO) values (104823,2862,139,15.31,to_date('15-JAN-2016','DD-MON-RRRR'),'Buy',1);
Insert into TRADE (TRADENO,HOLDNO,TRDQTY,TRDPRICE,TRDDATE,TRDTYPE,STATUSNO) values (105751,2872,236,9.52,to_date('20-JAN-2016','DD-MON-RRRR'),'Sell',1);
Insert into TRADE (TRADENO,HOLDNO,TRDQTY,TRDPRICE,TRDDATE,TRDTYPE,STATUSNO) values (102754,2872,551,10.7,to_date('08-JAN-2016','DD-MON-RRRR'),'Buy',1);
Insert into TRADE (TRADENO,HOLDNO,TRDQTY,TRDPRICE,TRDDATE,TRDTYPE,STATUSNO) values (101573,2876,188,14.75,to_date('05-JAN-2016','DD-MON-RRRR'),'Sell',1);
Insert into TRADE (TRADENO,HOLDNO,TRDQTY,TRDPRICE,TRDDATE,TRDTYPE,STATUSNO) values (105994,2877,119,12.74,to_date('20-JAN-2016','DD-MON-RRRR'),'Buy',1);
Insert into TRADE (TRADENO,HOLDNO,TRDQTY,TRDPRICE,TRDDATE,TRDTYPE,STATUSNO) values (106491,2886,1310,5.24,to_date('22-JAN-2016','DD-MON-RRRR'),'Sell',3);
Insert into TRADE (TRADENO,HOLDNO,TRDQTY,TRDPRICE,TRDDATE,TRDTYPE,STATUSNO) values (107159,2886,434,3.08,to_date('25-JAN-2016','DD-MON-RRRR'),'Sell',1);
Insert into TRADE (TRADENO,HOLDNO,TRDQTY,TRDPRICE,TRDDATE,TRDTYPE,STATUSNO) values (107760,2886,1057,4.54,to_date('26-JAN-2016','DD-MON-RRRR'),'Sell',1);
Insert into TRADE (TRADENO,HOLDNO,TRDQTY,TRDPRICE,TRDDATE,TRDTYPE,STATUSNO) values (101212,2888,410,11.27,to_date('04-JAN-2016','DD-MON-RRRR'),'Sell',1);
Insert into TRADE (TRADENO,HOLDNO,TRDQTY,TRDPRICE,TRDDATE,TRDTYPE,STATUSNO) values (100623,2892,189,19.66,to_date('02-JAN-2016','DD-MON-RRRR'),'Buy',1);
Insert into TRADE (TRADENO,HOLDNO,TRDQTY,TRDPRICE,TRDDATE,TRDTYPE,STATUSNO) values (103109,2892,1483,3.42,to_date('10-JAN-2016','DD-MON-RRRR'),'Buy',2);
Insert into TRADE (TRADENO,HOLDNO,TRDQTY,TRDPRICE,TRDDATE,TRDTYPE,STATUSNO) values (101007,2896,876,9.64,to_date('03-JAN-2016','DD-MON-RRRR'),'Sell',1);
Insert into TRADE (TRADENO,HOLDNO,TRDQTY,TRDPRICE,TRDDATE,TRDTYPE,STATUSNO) values (105288,2921,2309,8.04,to_date('17-JAN-2016','DD-MON-RRRR'),'Sell',2);
Insert into TRADE (TRADENO,HOLDNO,TRDQTY,TRDPRICE,TRDDATE,TRDTYPE,STATUSNO) values (107571,2922,1063,9.97,to_date('26-JAN-2016','DD-MON-RRRR'),'Buy',1);
Insert into TRADE (TRADENO,HOLDNO,TRDQTY,TRDPRICE,TRDDATE,TRDTYPE,STATUSNO) values (104830,2924,200,6.95,to_date('15-JAN-2016','DD-MON-RRRR'),'Buy',1);
Insert into TRADE (TRADENO,HOLDNO,TRDQTY,TRDPRICE,TRDDATE,TRDTYPE,STATUSNO) values (106113,2927,636,14.77,to_date('20-JAN-2016','DD-MON-RRRR'),'Buy',1);
Insert into TRADE (TRADENO,HOLDNO,TRDQTY,TRDPRICE,TRDDATE,TRDTYPE,STATUSNO) values (105881,2932,1009,9.95,to_date('20-JAN-2016','DD-MON-RRRR'),'Sell',1);
Insert into TRADE (TRADENO,HOLDNO,TRDQTY,TRDPRICE,TRDDATE,TRDTYPE,STATUSNO) values (100004,2932,722,8.72,to_date('01-JAN-2016','DD-MON-RRRR'),'Sell',1);
Insert into TRADE (TRADENO,HOLDNO,TRDQTY,TRDPRICE,TRDDATE,TRDTYPE,STATUSNO) values (108832,2936,65,2.61,to_date('30-JAN-2016','DD-MON-RRRR'),'Sell',1);
Insert into TRADE (TRADENO,HOLDNO,TRDQTY,TRDPRICE,TRDDATE,TRDTYPE,STATUSNO) values (108666,2936,3417,11.28,to_date('30-JAN-2016','DD-MON-RRRR'),'Buy',1);
Insert into TRADE (TRADENO,HOLDNO,TRDQTY,TRDPRICE,TRDDATE,TRDTYPE,STATUSNO) values (109181,2948,1325,7.56,to_date('31-JAN-2016','DD-MON-RRRR'),'Buy',1);
Insert into TRADE (TRADENO,HOLDNO,TRDQTY,TRDPRICE,TRDDATE,TRDTYPE,STATUSNO) values (102330,2954,618,11.45,to_date('06-JAN-2016','DD-MON-RRRR'),'Buy',2);
Insert into TRADE (TRADENO,HOLDNO,TRDQTY,TRDPRICE,TRDDATE,TRDTYPE,STATUSNO) values (107576,2974,1433,1.6,to_date('26-JAN-2016','DD-MON-RRRR'),'Buy',1);
Insert into TRADE (TRADENO,HOLDNO,TRDQTY,TRDPRICE,TRDDATE,TRDTYPE,STATUSNO) values (100073,2974,572,10.39,to_date('01-JAN-2016','DD-MON-RRRR'),'Sell',1);
Insert into TRADE (TRADENO,HOLDNO,TRDQTY,TRDPRICE,TRDDATE,TRDTYPE,STATUSNO) values (108729,2985,78,18.95,to_date('30-JAN-2016','DD-MON-RRRR'),'Buy',1);
Insert into TRADE (TRADENO,HOLDNO,TRDQTY,TRDPRICE,TRDDATE,TRDTYPE,STATUSNO) values (100894,2985,737,18.19,to_date('03-JAN-2016','DD-MON-RRRR'),'Buy',2);
Insert into TRADE (TRADENO,HOLDNO,TRDQTY,TRDPRICE,TRDDATE,TRDTYPE,STATUSNO) values (107868,2988,3050,9.25,to_date('27-JAN-2016','DD-MON-RRRR'),'Sell',1);
Insert into TRADE (TRADENO,HOLDNO,TRDQTY,TRDPRICE,TRDDATE,TRDTYPE,STATUSNO) values (107577,2988,19,17.5,to_date('26-JAN-2016','DD-MON-RRRR'),'Buy',2);
Insert into TRADE (TRADENO,HOLDNO,TRDQTY,TRDPRICE,TRDDATE,TRDTYPE,STATUSNO) values (108765,2999,613,10.38,to_date('30-JAN-2016','DD-MON-RRRR'),'Sell',1);
Insert into TRADE (TRADENO,HOLDNO,TRDQTY,TRDPRICE,TRDDATE,TRDTYPE,STATUSNO) values (103544,3000,3631,14.43,to_date('11-JAN-2016','DD-MON-RRRR'),'Sell',1);
Insert into TRADE (TRADENO,HOLDNO,TRDQTY,TRDPRICE,TRDDATE,TRDTYPE,STATUSNO) values (100053,3018,1133,12.96,to_date('01-JAN-2016','DD-MON-RRRR'),'Buy',1);
Insert into TRADE (TRADENO,HOLDNO,TRDQTY,TRDPRICE,TRDDATE,TRDTYPE,STATUSNO) values (102764,3048,220,10.38,to_date('08-JAN-2016','DD-MON-RRRR'),'Buy',1);

COMMIT ;
